Workbook

Sheet Thông tin
A1: Bảng KPI mẫu theo phòng ban — Quý III/2026
A3: Dự án | B3: Hệ thống báo cáo KPI
A4: Nền tảng | B4: ECAP — nền tảng cộng tác và phân tích dữ liệu cho doanh nghiệp vừa và nhỏ
A5: Đơn vị | B5: Công ty Demo SME (kinh doanh máy tính, linh kiện và phụ kiện)
A6: Người đọc | B6: Trưởng phòng, ban giám đốc
A7: Phiên bản | B7: 1.0
A8: Ngày phát hành | B8: 46321
A9: Phân loại | B9: Tài liệu nội bộ — Công ty Demo SME — dùng cho mục đích minh hoạ đồ án
A10: Số liệu | B10: Toàn bộ số liệu KPI và doanh số là số liệu minh hoạ.
A12: Chú giải
A13: Giá trị mẫu | B13: Ô nhập liệu (nền vàng, chữ xanh): người dùng được sửa hoặc nhập mới; mọi công thức tự tính lại.
A14: Công thức | B14: Ô công thức (nền trắng, chữ đen): tính tự động, không nhập đè.
A15: Tiêu đề | B15: Dòng tiêu đề bảng: đã cố định (freeze) và bật bộ lọc.
A17: Cấu trúc workbook
A18: Tổng hợp | B18: KPI quý III/2026 theo phòng ban và toàn công ty, đánh giá so với ngưỡng, tỷ lệ hoàn thành theo tháng; 2 biểu đồ.
A19: Tính KPI | B19: KPI từng tháng × phòng ban tính bằng công thức từ sheet Nhập liệu, kèm đánh giá Đạt / Cần theo dõi / Cần xử lý ngay.
A20: Nhập liệu | B20: Số liệu đầu vào theo tháng × phòng ban (Kinh doanh, Kỹ thuật, Marketing, Nhân sự) — toàn bộ là ô nhập liệu.
A21: Doanh số | B21: Deal thắng và doanh số toàn công ty theo tháng (tuỳ chọn), tăng trưởng tính bằng công thức.
A22: Ngưỡng KPI | B22: Từ điển KPI: đơn vị, công thức, chiều tốt, mục tiêu và ngưỡng Cần theo dõi / Cần xử lý ngay (ô nhập liệu).
A24: Giả định và nguồn dữ liệu
A25: 1. | B25: Bộ số liệu dùng chung với báo cáo KPI quý III/2026 cho ban giám đốc (bao-cao-kpi-quy.pptx) để hai tài liệu khớp số.
A26: 2. | B26: Tỷ lệ hoàn thành = Công việc hoàn thành / Tổng công việc; Tỷ lệ quá hạn = Công việc quá hạn / Tổng công việc.
A27: 3. | B27: Tỷ lệ thành viên hoạt động = Thành viên hoạt động / Sĩ số; Tỷ lệ chấm công = Ngày chấm công / (Sĩ số × Ngày làm việc).
A28: 4. | B28: Số liệu quý = tổng 3 tháng (SUMIFS); thành viên hoạt động quý là bình quân 3 tháng (AVERAGEIFS).
A29: 5. | B29: Ngày làm việc = thứ Hai–thứ Sáu, trừ 01–02/09 nghỉ lễ Quốc khánh (giả định minh hoạ).
A30: 6. | B30: Mục tiêu và ngưỡng (hoàn thành ≥ 80%, quá hạn ≤ 8%, thành viên hoạt động ≥ 95%, chấm công ≥ 95%) là giả định minh hoạ, sửa ở sheet Ngưỡng KPI.
A31: 7. | B31: Tên chỉ số tương ứng với dữ liệu của phân hệ Báo cáo & Phân tích trên ECAP (công việc, tài liệu, chấm công, phát hiện bất thường).

Sheet Tổng hợp
A1: Tổng hợp KPI quý III/2026 theo phòng ban
A2: Số liệu quý tính bằng SUMIFS/AVERAGEIFS từ sheet Nhập liệu; số liệu minh hoạ.
A3: 1. KPI quý theo phòng ban
A4: Phòng ban | B4: Sĩ số | C4: Ngày làm việc | D4: Tổng công việc | E4: Công việc hoàn thành | F4: Công việc quá hạn | G4: Thành viên hoạt động (bình quân) | H4: Tài liệu mới | I4: Ngày chấm công | J4: Trường hợp bất thường | K4: Tỷ lệ hoàn thành | L4: Đánh giá | M4: Tỷ lệ quá hạn | N4: Đánh giá | O4: Tỷ lệ thành viên hoạt động | P4: Tỷ lệ chấm công | Q4: Đánh giá | R4: Số tháng đạt mục tiêu hoàn thành
A5: Kinh doanh | B5: =IFERROR(AVERAGEIFS('Nhập liệu'!$E$5:$E$200,'Nhập liệu'!$C$5:$C$200,A5),0) -> 8 | C5: =SUMIFS('Nhập liệu'!$F$5:$F$200,'Nhập liệu'!$C$5:$C$200,A5) -> 64 | D5: =SUMIFS('Nhập liệu'!$G$5:$G$200,'Nhập liệu'!$C$5:$C$200,A5) -> 147 | E5: =SUMIFS('Nhập liệu'!$H$5:$H$200,'Nhập liệu'!$C$5:$C$200,A5) -> 101 | F5: =SUMIFS('Nhập liệu'!$I$5:$I$200,'Nhập liệu'!$C$5:$C$200,A5) -> 20 | G5: =IFERROR(AVERAGEIFS('Nhập liệu'!$J$5:$J$200,'Nhập liệu'!$C$5:$C$200,A5),0) -> 7.6666667 | H5: =SUMIFS('Nhập liệu'!$K$5:$K$200,'Nhập liệu'!$C$5:$C$200,A5) -> 63 | I5: =SUMIFS('Nhập liệu'!$L$5:$L$200,'Nhập liệu'!$C$5:$C$200,A5) -> 476 | J5: =SUMIFS('Nhập liệu'!$M$5:$M$200,'Nhập liệu'!$C$5:$C$200,A5) -> 2 | K5: =IFERROR(E5/D5,0) -> 0.68707483 | L5: =IF(K5>='Ngưỡng KPI'!$F$7,"Đạt",IF(K5>='Ngưỡng KPI'!$H$7,"Cần theo dõi","Cần xử lý ngay")) -> Cần xử lý ngay | M5: =IFERROR(F5/D5,0) -> 0.13605442 | N5: =IF(M5<='Ngưỡng KPI'!$F$9,"Đạt",IF(M5<='Ngưỡng KPI'!$H$9,"Cần theo dõi","Cần xử lý ngay")) -> Cần xử lý ngay | O5: =IFERROR(G5/B5,0) -> 0.95833333 | P5: =IFERROR(I5/(B5*C5),0) -> 0.9296875 | Q5: =IF(P5>='Ngưỡng KPI'!$F$13,"Đạt",IF(P5>='Ngưỡng KPI'!$H$13,"Cần theo dõi","Cần xử lý ngay")) -> Cần theo dõi | R5: =COUNTIFS('Tính KPI'!$C$5:$C$200,A5,'Tính KPI'!$E$5:$E$200,"Đạt") -> 0
A6: Kỹ thuật | B6: =IFERROR(AVERAGEIFS('Nhập liệu'!$E$5:$E$200,'Nhập liệu'!$C$5:$C$200,A6),0) -> 10 | C6: =SUMIFS('Nhập liệu'!$F$5:$F$200,'Nhập liệu'!$C$5:$C$200,A6) -> 64 | D6: =SUMIFS('Nhập liệu'!$G$5:$G$200,'Nhập liệu'!$C$5:$C$200,A6) -> 206 | E6: =SUMIFS('Nhập liệu'!$H$5:$H$200,'Nhập liệu'!$C$5:$C$200,A6) -> 180 | F6: =SUMIFS('Nhập liệu'!$I$5:$I$200,'Nhập liệu'!$C$5:$C$200,A6) -> 7 | G6: =IFERROR(AVERAGEIFS('Nhập liệu'!$J$5:$J$200,'Nhập liệu'!$C$5:$C$200,A6),0) -> 10 | H6: =SUMIFS('Nhập liệu'!$K$5:$K$200,'Nhập liệu'!$C$5:$C$200,A6) -> 104 | I6: =SUMIFS('Nhập liệu'!$L$5:$L$200,'Nhập liệu'!$C$5:$C$200,A6) -> 619 | J6: =SUMIFS('Nhập liệu'!$M$5:$M$200,'Nhập liệu'!$C$5:$C$200,A6) -> 2 | K6: =IFERROR(E6/D6,0) -> 0.87378641 | L6: =IF(K6>='Ngưỡng KPI'!$F$7,"Đạt",IF(K6>='Ngưỡng KPI'!$H$7,"Cần theo dõi","Cần xử lý ngay")) -> Đạt | M6: =IFERROR(F6/D6,0) -> 0.033980583 | N6: =IF(M6<='Ngưỡng KPI'!$F$9,"Đạt",IF(M6<='Ngưỡng KPI'!$H$9,"Cần theo dõi","Cần xử lý ngay")) -> Đạt | O6: =IFERROR(G6/B6,0) -> 1 | P6: =IFERROR(I6/(B6*C6),0) -> 0.9671875 | Q6: =IF(P6>='Ngưỡng KPI'!$F$13,"Đạt",IF(P6>='Ngưỡng KPI'!$H$13,"Cần theo dõi","Cần xử lý ngay")) -> Đạt | R6: =COUNTIFS('Tính KPI'!$C$5:$C$200,A6,'Tính KPI'!$E$5:$E$200,"Đạt") -> 3
A7: Marketing | B7: =IFERROR(AVERAGEIFS('Nhập liệu'!$E$5:$E$200,'Nhập liệu'!$C$5:$C$200,A7),0) -> 6 | C7: =SUMIFS('Nhập liệu'!$F$5:$F$200,'Nhập liệu'!$C$5:$C$200,A7) -> 64 | D7: =SUMIFS('Nhập liệu'!$G$5:$G$200,'Nhập liệu'!$C$5:$C$200,A7) -> 93 | E7: =SUMIFS('Nhập liệu'!$H$5:$H$200,'Nhập liệu'!$C$5:$C$200,A7) -> 73 | F7: =SUMIFS('Nhập liệu'!$I$5:$I$200,'Nhập liệu'!$C$5:$C$200,A7) -> 9 | G7: =IFERROR(AVERAGEIFS('Nhập liệu'!$J$5:$J$200,'Nhập liệu'!$C$5:$C$200,A7),0) -> 5.6666667 | H7: =SUMIFS('Nhập liệu'!$K$5:$K$200,'Nhập liệu'!$C$5:$C$200,A7) -> 88 | I7: =SUMIFS('Nhập liệu'!$L$5:$L$200,'Nhập liệu'!$C$5:$C$200,A7) -> 364 | J7: =SUMIFS('Nhập liệu'!$M$5:$M$200,'Nhập liệu'!$C$5:$C$200,A7) -> 1 | K7: =IFERROR(E7/D7,0) -> 0.78494624 | L7: =IF(K7>='Ngưỡng KPI'!$F$7,"Đạt",IF(K7>='Ngưỡng KPI'!$H$7,"Cần theo dõi","Cần xử lý ngay")) -> Cần theo dõi | M7: =IFERROR(F7/D7,0) -> 0.096774194 | N7: =IF(M7<='Ngưỡng KPI'!$F$9,"Đạt",IF(M7<='Ngưỡng KPI'!$H$9,"Cần theo dõi","Cần xử lý ngay")) -> Cần theo dõi | O7: =IFERROR(G7/B7,0) -> 0.94444444 | P7: =IFERROR(I7/(B7*C7),0) -> 0.94791667 | Q7: =IF(P7>='Ngưỡng KPI'!$F$13,"Đạt",IF(P7>='Ngưỡng KPI'!$H$13,"Cần theo dõi","Cần xử lý ngay")) -> Cần theo dõi | R7: =COUNTIFS('Tính KPI'!$C$5:$C$200,A7,'Tính KPI'!$E$5:$E$200,"Đạt") -> 1
A8: Nhân sự | B8: =IFERROR(AVERAGEIFS('Nhập liệu'!$E$5:$E$200,'Nhập liệu'!$C$5:$C$200,A8),0) -> 4 | C8: =SUMIFS('Nhập liệu'!$F$5:$F$200,'Nhập liệu'!$C$5:$C$200,A8) -> 64 | D8: =SUMIFS('Nhập liệu'!$G$5:$G$200,'Nhập liệu'!$C$5:$C$200,A8) -> 60 | E8: =SUMIFS('Nhập liệu'!$H$5:$H$200,'Nhập liệu'!$C$5:$C$200,A8) -> 53 | F8: =SUMIFS('Nhập liệu'!$I$5:$I$200,'Nhập liệu'!$C$5:$C$200,A8) -> 2 | G8: =IFERROR(AVERAGEIFS('Nhập liệu'!$J$5:$J$200,'Nhập liệu'!$C$5:$C$200,A8),0) -> 4 | H8: =SUMIFS('Nhập liệu'!$K$5:$K$200,'Nhập liệu'!$C$5:$C$200,A8) -> 41 | I8: =SUMIFS('Nhập liệu'!$L$5:$L$200,'Nhập liệu'!$C$5:$C$200,A8) -> 249 | J8: =SUMIFS('Nhập liệu'!$M$5:$M$200,'Nhập liệu'!$C$5:$C$200,A8) -> 0 | K8: =IFERROR(E8/D8,0) -> 0.88333333 | L8: =IF(K8>='Ngưỡng KPI'!$F$7,"Đạt",IF(K8>='Ngưỡng KPI'!$H$7,"Cần theo dõi","Cần xử lý ngay")) -> Đạt | M8: =IFERROR(F8/D8,0) -> 0.033333333 | N8: =IF(M8<='Ngưỡng KPI'!$F$9,"Đạt",IF(M8<='Ngưỡng KPI'!$H$9,"Cần theo dõi","Cần xử lý ngay")) -> Đạt | O8: =IFERROR(G8/B8,0) -> 1 | P8: =IFERROR(I8/(B8*C8),0) -> 0.97265625 | Q8: =IF(P8>='Ngưỡng KPI'!$F$13,"Đạt",IF(P8>='Ngưỡng KPI'!$H$13,"Cần theo dõi","Cần xử lý ngay")) -> Đạt | R8: =COUNTIFS('Tính KPI'!$C$5:$C$200,A8,'Tính KPI'!$E$5:$E$200,"Đạt") -> 3
A9: Toàn công ty | B9: =SUM(B5:B8) -> 28 | C9: =IFERROR(SUMPRODUCT(B5:B8,C5:C8)/B9,0) -> 64 | D9: =SUM(D5:D8) -> 506 | E9: =SUM(E5:E8) -> 407 | F9: =SUM(F5:F8) -> 38 | G9: =SUM(G5:G8) -> 27.333333 | H9: =SUM(H5:H8) -> 296 | I9: =SUM(I5:I8) -> 1708 | J9: =SUM(J5:J8) -> 5 | K9: =IFERROR(E9/D9,0) -> 0.80434783 | L9: =IF(K9>='Ngưỡng KPI'!$F$7,"Đạt",IF(K9>='Ngưỡng KPI'!$H$7,"Cần theo dõi","Cần xử lý ngay")) -> Đạt | M9: =IFERROR(F9/D9,0) -> 0.075098814 | N9: =IF(M9<='Ngưỡng KPI'!$F$9,"Đạt",IF(M9<='Ngưỡng KPI'!$H$9,"Cần theo dõi","Cần xử lý ngay")) -> Đạt | O9: =IFERROR(G9/B9,0) -> 0.97619048 | P9: =IFERROR(I9/SUMPRODUCT(B5:B8,C5:C8),0) -> 0.953125 | Q9: =IF(P9>='Ngưỡng KPI'!$F$13,"Đạt",IF(P9>='Ngưỡng KPI'!$H$13,"Cần theo dõi","Cần xử lý ngay")) -> Đạt | R9: =COUNTIF(F14:F16,">="&'Ngưỡng KPI'!$F$7) -> 1
A10: Ghi chú | B10: Ngày làm việc toàn công ty là bình quân gia quyền theo sĩ số; thành viên hoạt động là bình quân 3 tháng; cột R dòng Toàn công ty là số tháng tỷ lệ hoàn thành toàn công ty đạt mục tiêu (bảng 2).
A12: 2. Tỷ lệ hoàn thành công việc theo tháng
A13: Tháng | B13: Kinh doanh | C13: Kỹ thuật | D13: Marketing | E13: Nhân sự | F13: Toàn công ty
A14: Tháng 7/2026 | B14: =IFERROR(SUMIFS('Nhập liệu'!$H$5:$H$200,'Nhập liệu'!$B$5:$B$200,$A14,'Nhập liệu'!$C$5:$C$200,B$13)/SUMIFS('Nhập liệu'!$G$5:$G$200,'Nhập liệu'!$B$5:$B$200,$A14,'Nhập liệu'!$C$5:$C$200,B$13),0) -> 0.65217391 | C14: =IFERROR(SUMIFS('Nhập liệu'!$H$5:$H$200,'Nhập liệu'!$B$5:$B$200,$A14,'Nhập liệu'!$C$5:$C$200,C$13)/SUMIFS('Nhập liệu'!$G$5:$G$200,'Nhập liệu'!$B$5:$B$200,$A14,'Nhập liệu'!$C$5:$C$200,C$13),0) -> 0.859375 | D14: =IFERROR(SUMIFS('Nhập liệu'!$H$5:$H$200,'Nhập liệu'!$B$5:$B$200,$A14,'Nhập liệu'!$C$5:$C$200,D$13)/SUMIFS('Nhập liệu'!$G$5:$G$200,'Nhập liệu'!$B$5:$B$200,$A14,'Nhập liệu'!$C$5:$C$200,D$13),0) -> 0.78571429 | E14: =IFERROR(SUMIFS('Nhập liệu'!$H$5:$H$200,'Nhập liệu'!$B$5:$B$200,$A14,'Nhập liệu'!$C$5:$C$200,E$13)/SUMIFS('Nhập liệu'!$G$5:$G$200,'Nhập liệu'!$B$5:$B$200,$A14,'Nhập liệu'!$C$5:$C$200,E$13),0) -> 0.88888889 | F14: =IFERROR(SUMIFS('Nhập liệu'!$H$5:$H$200,'Nhập liệu'!$B$5:$B$200,$A14)/SUMIFS('Nhập liệu'!$G$5:$G$200,'Nhập liệu'!$B$5:$B$200,$A14),0) -> 0.78846154
A15: Tháng 8/2026 | B15: =IFERROR(SUMIFS('Nhập liệu'!$H$5:$H$200,'Nhập liệu'!$B$5:$B$200,$A15,'Nhập liệu'!$C$5:$C$200,B$13)/SUMIFS('Nhập liệu'!$G$5:$G$200,'Nhập liệu'!$B$5:$B$200,$A15,'Nhập liệu'!$C$5:$C$200,B$13),0) -> 0.67307692 | C15: =IFERROR(SUMIFS('Nhập liệu'!$H$5:$H$200,'Nhập liệu'!$B$5:$B$200,$A15,'Nhập liệu'!$C$5:$C$200,C$13)/SUMIFS('Nhập liệu'!$G$5:$G$200,'Nhập liệu'!$B$5:$B$200,$A15,'Nhập liệu'!$C$5:$C$200,C$13),0) -> 0.87142857 | D15: =IFERROR(SUMIFS('Nhập liệu'!$H$5:$H$200,'Nhập liệu'!$B$5:$B$200,$A15,'Nhập liệu'!$C$5:$C$200,D$13)/SUMIFS('Nhập liệu'!$G$5:$G$200,'Nhập liệu'!$B$5:$B$200,$A15,'Nhập liệu'!$C$5:$C$200,D$13),0) -> 0.76470588 | E15: =IFERROR(SUMIFS('Nhập liệu'!$H$5:$H$200,'Nhập liệu'!$B$5:$B$200,$A15,'Nhập liệu'!$C$5:$C$200,E$13)/SUMIFS('Nhập liệu'!$G$5:$G$200,'Nhập liệu'!$B$5:$B$200,$A15,'Nhập liệu'!$C$5:$C$200,E$13),0) -> 0.85 | F15: =IFERROR(SUMIFS('Nhập liệu'!$H$5:$H$200,'Nhập liệu'!$B$5:$B$200,$A15)/SUMIFS('Nhập liệu'!$G$5:$G$200,'Nhập liệu'!$B$5:$B$200,$A15),0) -> 0.78977273
A16: Tháng 9/2026 | B16: =IFERROR(SUMIFS('Nhập liệu'!$H$5:$H$200,'Nhập liệu'!$B$5:$B$200,$A16,'Nhập liệu'!$C$5:$C$200,B$13)/SUMIFS('Nhập liệu'!$G$5:$G$200,'Nhập liệu'!$B$5:$B$200,$A16,'Nhập liệu'!$C$5:$C$200,B$13),0) -> 0.73469388 | C16: =IFERROR(SUMIFS('Nhập liệu'!$H$5:$H$200,'Nhập liệu'!$B$5:$B$200,$A16,'Nhập liệu'!$C$5:$C$200,C$13)/SUMIFS('Nhập liệu'!$G$5:$G$200,'Nhập liệu'!$B$5:$B$200,$A16,'Nhập liệu'!$C$5:$C$200,C$13),0) -> 0.88888889 | D16: =IFERROR(SUMIFS('Nhập liệu'!$H$5:$H$200,'Nhập liệu'!$B$5:$B$200,$A16,'Nhập liệu'!$C$5:$C$200,D$13)/SUMIFS('Nhập liệu'!$G$5:$G$200,'Nhập liệu'!$B$5:$B$200,$A16,'Nhập liệu'!$C$5:$C$200,D$13),0) -> 0.80645161 | E16: =IFERROR(SUMIFS('Nhập liệu'!$H$5:$H$200,'Nhập liệu'!$B$5:$B$200,$A16,'Nhập liệu'!$C$5:$C$200,E$13)/SUMIFS('Nhập liệu'!$G$5:$G$200,'Nhập liệu'!$B$5:$B$200,$A16,'Nhập liệu'!$C$5:$C$200,E$13),0) -> 0.90909091 | F16: =IFERROR(SUMIFS('Nhập liệu'!$H$5:$H$200,'Nhập liệu'!$B$5:$B$200,$A16)/SUMIFS('Nhập liệu'!$G$5:$G$200,'Nhập liệu'!$B$5:$B$200,$A16),0) -> 0.83333333
A17: Mục tiêu | B17: ='Ngưỡng KPI'!$F$7 -> 0.8 | C17: ='Ngưỡng KPI'!$F$7 -> 0.8 | D17: ='Ngưỡng KPI'!$F$7 -> 0.8 | E17: ='Ngưỡng KPI'!$F$7 -> 0.8 | F17: ='Ngưỡng KPI'!$F$7 -> 0.8

Sheet Tính KPI
A1: Tính KPI theo tháng × phòng ban
A2: Chữ xanh lá = liên kết sang sheet Nhập liệu; còn lại là công thức.
A4: Mã tháng | B4: Tháng | C4: Phòng ban | D4: Tỷ lệ hoàn thành | E4: Đánh giá | F4: Tỷ lệ quá hạn | G4: Đánh giá | H4: Tỷ lệ thành viên hoạt động | I4: Đánh giá | J4: Tỷ lệ chấm công | K4: Đánh giá | L4: Tài liệu mới | M4: Trường hợp bất thường | N4: Số KPI đạt (/4)
A5: ='Nhập liệu'!A5 -> 2026-07 | B5: ='Nhập liệu'!B5 -> Tháng 7/2026 | C5: ='Nhập liệu'!C5 -> Kinh doanh | D5: =IFERROR('Nhập liệu'!H5/'Nhập liệu'!G5,0) -> 0.65217391 | E5: =IF(D5>='Ngưỡng KPI'!$F$7,"Đạt",IF(D5>='Ngưỡng KPI'!$H$7,"Cần theo dõi","Cần xử lý ngay")) -> Cần xử lý ngay | F5: =IFERROR('Nhập liệu'!I5/'Nhập liệu'!G5,0) -> 0.15217391 | G5: =IF(F5<='Ngưỡng KPI'!$F$9,"Đạt",IF(F5<='Ngưỡng KPI'!$H$9,"Cần theo dõi","Cần xử lý ngay")) -> Cần xử lý ngay | H5: =IFERROR('Nhập liệu'!J5/'Nhập liệu'!E5,0) -> 0.875 | I5: =IF(H5>='Ngưỡng KPI'!$F$11,"Đạt",IF(H5>='Ngưỡng KPI'!$H$11,"Cần theo dõi","Cần xử lý ngay")) -> Cần theo dõi | J5: =IFERROR('Nhập liệu'!L5/('Nhập liệu'!E5*'Nhập liệu'!F5),0) -> 0.92934783 | K5: =IF(J5>='Ngưỡng KPI'!$F$13,"Đạt",IF(J5>='Ngưỡng KPI'!$H$13,"Cần theo dõi","Cần xử lý ngay")) -> Cần theo dõi | L5: ='Nhập liệu'!K5 -> 18 | M5: ='Nhập liệu'!M5 -> 1 | N5: =COUNTIF(E5,"Đạt")+COUNTIF(G5,"Đạt")+COUNTIF(I5,"Đạt")+COUNTIF(K5,"Đạt") -> 0
A6: ='Nhập liệu'!A6 -> 2026-07 | B6: ='Nhập liệu'!B6 -> Tháng 7/2026 | C6: ='Nhập liệu'!C6 -> Kỹ thuật | D6: =IFERROR('Nhập liệu'!H6/'Nhập liệu'!G6,0) -> 0.859375 | E6: =IF(D6>='Ngưỡng KPI'!$F$7,"Đạt",IF(D6>='Ngưỡng KPI'!$H$7,"Cần theo dõi","Cần xử lý ngay")) -> Đạt | F6: =IFERROR('Nhập liệu'!I6/'Nhập liệu'!G6,0) -> 0.046875 | G6: =IF(F6<='Ngưỡng KPI'!$F$9,"Đạt",IF(F6<='Ngưỡng KPI'!$H$9,"Cần theo dõi","Cần xử lý ngay")) -> Đạt | H6: =IFERROR('Nhập liệu'!J6/'Nhập liệu'!E6,0) -> 1 | I6: =IF(H6>='Ngưỡng KPI'!$F$11,"Đạt",IF(H6>='Ngưỡng KPI'!$H$11,"Cần theo dõi","Cần xử lý ngay")) -> Đạt | J6: =IFERROR('Nhập liệu'!L6/('Nhập liệu'!E6*'Nhập liệu'!F6),0) -> 0.96956522 | K6: =IF(J6>='Ngưỡng KPI'!$F$13,"Đạt",IF(J6>='Ngưỡng KPI'!$H$13,"Cần theo dõi","Cần xử lý ngay")) -> Đạt | L6: ='Nhập liệu'!K6 -> 31 | M6: ='Nhập liệu'!M6 -> 1 | N6: =COUNTIF(E6,"Đạt")+COUNTIF(G6,"Đạt")+COUNTIF(I6,"Đạt")+COUNTIF(K6,"Đạt") -> 4
A7: ='Nhập liệu'!A7 -> 2026-07 | B7: ='Nhập liệu'!B7 -> Tháng 7/2026 | C7: ='Nhập liệu'!C7 -> Marketing | D7: =IFERROR('Nhập liệu'!H7/'Nhập liệu'!G7,0) -> 0.78571429 | E7: =IF(D7>='Ngưỡng KPI'!$F$7,"Đạt",IF(D7>='Ngưỡng KPI'!$H$7,"Cần theo dõi","Cần xử lý ngay")) -> Cần theo dõi | F7: =IFERROR('Nhập liệu'!I7/'Nhập liệu'!G7,0) -> 0.10714286 | G7: =IF(F7<='Ngưỡng KPI'!$F$9,"Đạt",IF(F7<='Ngưỡng KPI'!$H$9,"Cần theo dõi","Cần xử lý ngay")) -> Cần theo dõi | H7: =IFERROR('Nhập liệu'!J7/'Nhập liệu'!E7,0) -> 0.83333333 | I7: =IF(H7>='Ngưỡng KPI'!$F$11,"Đạt",IF(H7>='Ngưỡng KPI'!$H$11,"Cần theo dõi","Cần xử lý ngay")) -> Cần xử lý ngay | J7: =IFERROR('Nhập liệu'!L7/('Nhập liệu'!E7*'Nhập liệu'!F7),0) -> 0.94927536 | K7: =IF(J7>='Ngưỡng KPI'!$F$13,"Đạt",IF(J7>='Ngưỡng KPI'!$H$13,"Cần theo dõi","Cần xử lý ngay")) -> Cần theo dõi | L7: ='Nhập liệu'!K7 -> 26 | M7: ='Nhập liệu'!M7 -> 0 | N7: =COUNTIF(E7,"Đạt")+COUNTIF(G7,"Đạt")+COUNTIF(I7,"Đạt")+COUNTIF(K7,"Đạt") -> 0
A8: ='Nhập liệu'!A8 -> 2026-07 | B8: ='Nhập liệu'!B8 -> Tháng 7/2026 | C8: ='Nhập liệu'!C8 -> Nhân sự | D8: =IFERROR('Nhập liệu'!H8/'Nhập liệu'!G8,0) -> 0.88888889 | E8: =IF(D8>='Ngưỡng KPI'!$F$7,"Đạt",IF(D8>='Ngưỡng KPI'!$H$7,"Cần theo dõi","Cần xử lý ngay")) -> Đạt | F8: =IFERROR('Nhập liệu'!I8/'Nhập liệu'!G8,0) -> 0.055555556 | G8: =IF(F8<='Ngưỡng KPI'!$F$9,"Đạt",IF(F8<='Ngưỡng KPI'!$H$9,"Cần theo dõi","Cần xử lý ngay")) -> Đạt | H8: =IFERROR('Nhập liệu'!J8/'Nhập liệu'!E8,0) -> 1 | I8: =IF(H8>='Ngưỡng KPI'!$F$11,"Đạt",IF(H8>='Ngưỡng KPI'!$H$11,"Cần theo dõi","Cần xử lý ngay")) -> Đạt | J8: =IFERROR('Nhập liệu'!L8/('Nhập liệu'!E8*'Nhập liệu'!F8),0) -> 0.97826087 | K8: =IF(J8>='Ngưỡng KPI'!$F$13,"Đạt",IF(J8>='Ngưỡng KPI'!$H$13,"Cần theo dõi","Cần xử lý ngay")) -> Đạt | L8: ='Nhập liệu'!K8 -> 14 | M8: ='Nhập liệu'!M8 -> 0 | N8: =COUNTIF(E8,"Đạt")+COUNTIF(G8,"Đạt")+COUNTIF(I8,"Đạt")+COUNTIF(K8,"Đạt") -> 4
A9: ='Nhập liệu'!A9 -> 2026-08 | B9: ='Nhập liệu'!B9 -> Tháng 8/2026 | C9: ='Nhập liệu'!C9 -> Kinh doanh | D9: =IFERROR('Nhập liệu'!H9/'Nhập liệu'!G9,0) -> 0.67307692 | E9: =IF(D9>='Ngưỡng KPI'!$F$7,"Đạt",IF(D9>='Ngưỡng KPI'!$H$7,"Cần theo dõi","Cần xử lý ngay")) -> Cần xử lý ngay | F9: =IFERROR('Nhập liệu'!I9/'Nhập liệu'!G9,0) -> 0.15384615 | G9: =IF(F9<='Ngưỡng KPI'!$F$9,"Đạt",IF(F9<='Ngưỡng KPI'!$H$9,"Cần theo dõi","Cần xử lý ngay")) -> Cần xử lý ngay | H9: =IFERROR('Nhập liệu'!J9/'Nhập liệu'!E9,0) -> 1 | I9: =IF(H9>='Ngưỡng KPI'!$F$11,"Đạt",IF(H9>='Ngưỡng KPI'!$H$11,"Cần theo dõi","Cần xử lý ngay")) -> Đạt | J9: =IFERROR('Nhập liệu'!L9/('Nhập liệu'!E9*'Nhập liệu'!F9),0) -> 0.92261905 | K9: =IF(J9>='Ngưỡng KPI'!$F$13,"Đạt",IF(J9>='Ngưỡng KPI'!$H$13,"Cần theo dõi","Cần xử lý ngay")) -> Cần theo dõi | L9: ='Nhập liệu'!K9 -> 21 | M9: ='Nhập liệu'!M9 -> 1 | N9: =COUNTIF(E9,"Đạt")+COUNTIF(G9,"Đạt")+COUNTIF(I9,"Đạt")+COUNTIF(K9,"Đạt") -> 1
A10: ='Nhập liệu'!A10 -> 2026-08 | B10: ='Nhập liệu'!B10 -> Tháng 8/2026 | C10: ='Nhập liệu'!C10 -> Kỹ thuật | D10: =IFERROR('Nhập liệu'!H10/'Nhập liệu'!G10,0) -> 0.87142857 | E10: =IF(D10>='Ngưỡng KPI'!$F$7,"Đạt",IF(D10>='Ngưỡng KPI'!$H$7,"Cần theo dõi","Cần xử lý ngay")) -> Đạt | F10: =IFERROR('Nhập liệu'!I10/'Nhập liệu'!G10,0) -> 0.028571429 | G10: =IF(F10<='Ngưỡng KPI'!$F$9,"Đạt",IF(F10<='Ngưỡng KPI'!$H$9,"Cần theo dõi","Cần xử lý ngay")) -> Đạt | H10: =IFERROR('Nhập liệu'!J10/'Nhập liệu'!E10,0) -> 1 | I10: =IF(H10>='Ngưỡng KPI'!$F$11,"Đạt",IF(H10>='Ngưỡng KPI'!$H$11,"Cần theo dõi","Cần xử lý ngay")) -> Đạt | J10: =IFERROR('Nhập liệu'!L10/('Nhập liệu'!E10*'Nhập liệu'!F10),0) -> 0.96190476 | K10: =IF(J10>='Ngưỡng KPI'!$F$13,"Đạt",IF(J10>='Ngưỡng KPI'!$H$13,"Cần theo dõi","Cần xử lý ngay")) -> Đạt | L10: ='Nhập liệu'!K10 -> 35 | M10: ='Nhập liệu'!M10 -> 0 | N10: =COUNTIF(E10,"Đạt")+COUNTIF(G10,"Đạt")+COUNTIF(I10,"Đạt")+COUNTIF(K10,"Đạt") -> 4
A11: ='Nhập liệu'!A11 -> 2026-08 | B11: ='Nhập liệu'!B11 -> Tháng 8/2026 | C11: ='Nhập liệu'!C11 -> Marketing | D11: =IFERROR('Nhập liệu'!H11/'Nhập liệu'!G11,0) -> 0.76470588 | E11: =IF(D11>='Ngưỡng KPI'!$F$7,"Đạt",IF(D11>='Ngưỡng KPI'!$H$7,"Cần theo dõi","Cần xử lý ngay")) -> Cần theo dõi | F11: =IFERROR('Nhập liệu'!I11/'Nhập liệu'!G11,0) -> 0.11764706 | G11: =IF(F11<='Ngưỡng KPI'!$F$9,"Đạt",IF(F11<='Ngưỡng KPI'!$H$9,"Cần theo dõi","Cần xử lý ngay")) -> Cần theo dõi | H11: =IFERROR('Nhập liệu'!J11/'Nhập liệu'!E11,0) -> 1 | I11: =IF(H11>='Ngưỡng KPI'!$F$11,"Đạt",IF(H11>='Ngưỡng KPI'!$H$11,"Cần theo dõi","Cần xử lý ngay")) -> Đạt | J11: =IFERROR('Nhập liệu'!L11/('Nhập liệu'!E11*'Nhập liệu'!F11),0) -> 0.93650794 | K11: =IF(J11>='Ngưỡng KPI'!$F$13,"Đạt",IF(J11>='Ngưỡng KPI'!$H$13,"Cần theo dõi","Cần xử lý ngay")) -> Cần theo dõi | L11: ='Nhập liệu'!K11 -> 29 | M11: ='Nhập liệu'!M11 -> 1 | N11: =COUNTIF(E11,"Đạt")+COUNTIF(G11,"Đạt")+COUNTIF(I11,"Đạt")+COUNTIF(K11,"Đạt") -> 1
A12: ='Nhập liệu'!A12 -> 2026-08 | B12: ='Nhập liệu'!B12 -> Tháng 8/2026 | C12: ='Nhập liệu'!C12 -> Nhân sự | D12: =IFERROR('Nhập liệu'!H12/'Nhập liệu'!G12,0) -> 0.85 | E12: =IF(D12>='Ngưỡng KPI'!$F$7,"Đạt",IF(D12>='Ngưỡng KPI'!$H$7,"Cần theo dõi","Cần xử lý ngay")) -> Đạt | F12: =IFERROR('Nhập liệu'!I12/'Nhập liệu'!G12,0) -> 0.05 | G12: =IF(F12<='Ngưỡng KPI'!$F$9,"Đạt",IF(F12<='Ngưỡng KPI'!$H$9,"Cần theo dõi","Cần xử lý ngay")) -> Đạt | H12: =IFERROR('Nhập liệu'!J12/'Nhập liệu'!E12,0) -> 1 | I12: =IF(H12>='Ngưỡng KPI'!$F$11,"Đạt",IF(H12>='Ngưỡng KPI'!$H$11,"Cần theo dõi","Cần xử lý ngay")) -> Đạt | J12: =IFERROR('Nhập liệu'!L12/('Nhập liệu'!E12*'Nhập liệu'!F12),0) -> 0.96428571 | K12: =IF(J12>='Ngưỡng KPI'!$F$13,"Đạt",IF(J12>='Ngưỡng KPI'!$H$13,"Cần theo dõi","Cần xử lý ngay")) -> Đạt | L12: ='Nhập liệu'!K12 -> 12 | M12: ='Nhập liệu'!M12 -> 0 | N12: =COUNTIF(E12,"Đạt")+COUNTIF(G12,"Đạt")+COUNTIF(I12,"Đạt")+COUNTIF(K12,"Đạt") -> 4
A13: ='Nhập liệu'!A13 -> 2026-09 | B13: ='Nhập liệu'!B13 -> Tháng 9/2026 | C13: ='Nhập liệu'!C13 -> Kinh doanh | D13: =IFERROR('Nhập liệu'!H13/'Nhập liệu'!G13,0) -> 0.73469388 | E13: =IF(D13>='Ngưỡng KPI'!$F$7,"Đạt",IF(D13>='Ngưỡng KPI'!$H$7,"Cần theo dõi","Cần xử lý ngay")) -> Cần theo dõi | F13: =IFERROR('Nhập liệu'!I13/'Nhập liệu'!G13,0) -> 0.10204082 | G13: =IF(F13<='Ngưỡng KPI'!$F$9,"Đạt",IF(F13<='Ngưỡng KPI'!$H$9,"Cần theo dõi","Cần xử lý ngay")) -> Cần theo dõi | H13: =IFERROR('Nhập liệu'!J13/'Nhập liệu'!E13,0) -> 1 | I13: =IF(H13>='Ngưỡng KPI'!$F$11,"Đạt",IF(H13>='Ngưỡng KPI'!$H$11,"Cần theo dõi","Cần xử lý ngay")) -> Đạt | J13: =IFERROR('Nhập liệu'!L13/('Nhập liệu'!E13*'Nhập liệu'!F13),0) -> 0.9375 | K13: =IF(J13>='Ngưỡng KPI'!$F$13,"Đạt",IF(J13>='Ngưỡng KPI'!$H$13,"Cần theo dõi","Cần xử lý ngay")) -> Cần theo dõi | L13: ='Nhập liệu'!K13 -> 24 | M13: ='Nhập liệu'!M13 -> 0 | N13: =COUNTIF(E13,"Đạt")+COUNTIF(G13,"Đạt")+COUNTIF(I13,"Đạt")+COUNTIF(K13,"Đạt") -> 1
A14: ='Nhập liệu'!A14 -> 2026-09 | B14: ='Nhập liệu'!B14 -> Tháng 9/2026 | C14: ='Nhập liệu'!C14 -> Kỹ thuật | D14: =IFERROR('Nhập liệu'!H14/'Nhập liệu'!G14,0) -> 0.88888889 | E14: =IF(D14>='Ngưỡng KPI'!$F$7,"Đạt",IF(D14>='Ngưỡng KPI'!$H$7,"Cần theo dõi","Cần xử lý ngay")) -> Đạt | F14: =IFERROR('Nhập liệu'!I14/'Nhập liệu'!G14,0) -> 0.027777778 | G14: =IF(F14<='Ngưỡng KPI'!$F$9,"Đạt",IF(F14<='Ngưỡng KPI'!$H$9,"Cần theo dõi","Cần xử lý ngay")) -> Đạt | H14: =IFERROR('Nhập liệu'!J14/'Nhập liệu'!E14,0) -> 1 | I14: =IF(H14>='Ngưỡng KPI'!$F$11,"Đạt",IF(H14>='Ngưỡng KPI'!$H$11,"Cần theo dõi","Cần xử lý ngay")) -> Đạt | J14: =IFERROR('Nhập liệu'!L14/('Nhập liệu'!E14*'Nhập liệu'!F14),0) -> 0.97 | K14: =IF(J14>='Ngưỡng KPI'!$F$13,"Đạt",IF(J14>='Ngưỡng KPI'!$H$13,"Cần theo dõi","Cần xử lý ngay")) -> Đạt | L14: ='Nhập liệu'!K14 -> 38 | M14: ='Nhập liệu'!M14 -> 1 | N14: =COUNTIF(E14,"Đạt")+COUNTIF(G14,"Đạt")+COUNTIF(I14,"Đạt")+COUNTIF(K14,"Đạt") -> 4
A15: ='Nhập liệu'!A15 -> 2026-09 | B15: ='Nhập liệu'!B15 -> Tháng 9/2026 | C15: ='Nhập liệu'!C15 -> Marketing | D15: =IFERROR('Nhập liệu'!H15/'Nhập liệu'!G15,0) -> 0.80645161 | E15: =IF(D15>='Ngưỡng KPI'!$F$7,"Đạt",IF(D15>='Ngưỡng KPI'!$H$7,"Cần theo dõi","Cần xử lý ngay")) -> Đạt | F15: =IFERROR('Nhập liệu'!I15/'Nhập liệu'!G15,0) -> 0.064516129 | G15: =IF(F15<='Ngưỡng KPI'!$F$9,"Đạt",IF(F15<='Ngưỡng KPI'!$H$9,"Cần theo dõi","Cần xử lý ngay")) -> Đạt | H15: =IFERROR('Nhập liệu'!J15/'Nhập liệu'!E15,0) -> 1 | I15: =IF(H15>='Ngưỡng KPI'!$F$11,"Đạt",IF(H15>='Ngưỡng KPI'!$H$11,"Cần theo dõi","Cần xử lý ngay")) -> Đạt | J15: =IFERROR('Nhập liệu'!L15/('Nhập liệu'!E15*'Nhập liệu'!F15),0) -> 0.95833333 | K15: =IF(J15>='Ngưỡng KPI'!$F$13,"Đạt",IF(J15>='Ngưỡng KPI'!$H$13,"Cần theo dõi","Cần xử lý ngay")) -> Đạt | L15: ='Nhập liệu'!K15 -> 33 | M15: ='Nhập liệu'!M15 -> 0 | N15: =COUNTIF(E15,"Đạt")+COUNTIF(G15,"Đạt")+COUNTIF(I15,"Đạt")+COUNTIF(K15,"Đạt") -> 4
A16: ='Nhập liệu'!A16 -> 2026-09 | B16: ='Nhập liệu'!B16 -> Tháng 9/2026 | C16: ='Nhập liệu'!C16 -> Nhân sự | D16: =IFERROR('Nhập liệu'!H16/'Nhập liệu'!G16,0) -> 0.90909091 | E16: =IF(D16>='Ngưỡng KPI'!$F$7,"Đạt",IF(D16>='Ngưỡng KPI'!$H$7,"Cần theo dõi","Cần xử lý ngay")) -> Đạt | F16: =IFERROR('Nhập liệu'!I16/'Nhập liệu'!G16,0) -> 0 | G16: =IF(F16<='Ngưỡng KPI'!$F$9,"Đạt",IF(F16<='Ngưỡng KPI'!$H$9,"Cần theo dõi","Cần xử lý ngay")) -> Đạt | H16: =IFERROR('Nhập liệu'!J16/'Nhập liệu'!E16,0) -> 1 | I16: =IF(H16>='Ngưỡng KPI'!$F$11,"Đạt",IF(H16>='Ngưỡng KPI'!$H$11,"Cần theo dõi","Cần xử lý ngay")) -> Đạt | J16: =IFERROR('Nhập liệu'!L16/('Nhập liệu'!E16*'Nhập liệu'!F16),0) -> 0.975 | K16: =IF(J16>='Ngưỡng KPI'!$F$13,"Đạt",IF(J16>='Ngưỡng KPI'!$H$13,"Cần theo dõi","Cần xử lý ngay")) -> Đạt | L16: ='Nhập liệu'!K16 -> 15 | M16: ='Nhập liệu'!M16 -> 0 | N16: =COUNTIF(E16,"Đạt")+COUNTIF(G16,"Đạt")+COUNTIF(I16,"Đạt")+COUNTIF(K16,"Đạt") -> 4

Sheet Nhập liệu
A1: Nhập liệu KPI theo tháng × phòng ban
A2: Toàn bộ ô vàng là số liệu đầu vào (số liệu minh hoạ).
A4: Mã tháng | B4: Tháng | C4: Phòng ban | D4: Mã PB | E4: Sĩ số | F4: Ngày làm việc | G4: Tổng công việc | H4: Công việc hoàn thành | I4: Công việc quá hạn | J4: Thành viên hoạt động | K4: Tài liệu mới | L4: Ngày chấm công | M4: Trường hợp bất thường
A5: 2026-07 | B5: Tháng 7/2026 | C5: Kinh doanh | D5: KD | E5: 8 | F5: 23 | G5: 46 | H5: 30 | I5: 7 | J5: 7 | K5: 18 | L5: 171 | M5: 1
A6: 2026-07 | B6: Tháng 7/2026 | C6: Kỹ thuật | D6: KT | E6: 10 | F6: 23 | G6: 64 | H6: 55 | I6: 3 | J6: 10 | K6: 31 | L6: 223 | M6: 1
A7: 2026-07 | B7: Tháng 7/2026 | C7: Marketing | D7: MKT | E7: 6 | F7: 23 | G7: 28 | H7: 22 | I7: 3 | J7: 5 | K7: 26 | L7: 131 | M7: 0
A8: 2026-07 | B8: Tháng 7/2026 | C8: Nhân sự | D8: NS | E8: 4 | F8: 23 | G8: 18 | H8: 16 | I8: 1 | J8: 4 | K8: 14 | L8: 90 | M8: 0
A9: 2026-08 | B9: Tháng 8/2026 | C9: Kinh doanh | D9: KD | E9: 8 | F9: 21 | G9: 52 | H9: 35 | I9: 8 | J9: 8 | K9: 21 | L9: 155 | M9: 1
A10: 2026-08 | B10: Tháng 8/2026 | C10: Kỹ thuật | D10: KT | E10: 10 | F10: 21 | G10: 70 | H10: 61 | I10: 2 | J10: 10 | K10: 35 | L10: 202 | M10: 0
A11: 2026-08 | B11: Tháng 8/2026 | C11: Marketing | D11: MKT | E11: 6 | F11: 21 | G11: 34 | H11: 26 | I11: 4 | J11: 6 | K11: 29 | L11: 118 | M11: 1
A12: 2026-08 | B12: Tháng 8/2026 | C12: Nhân sự | D12: NS | E12: 4 | F12: 21 | G12: 20 | H12: 17 | I12: 1 | J12: 4 | K12: 12 | L12: 81 | M12: 0
A13: 2026-09 | B13: Tháng 9/2026 | C13: Kinh doanh | D13: KD | E13: 8 | F13: 20 | G13: 49 | H13: 36 | I13: 5 | J13: 8 | K13: 24 | L13: 150 | M13: 0
A14: 2026-09 | B14: Tháng 9/2026 | C14: Kỹ thuật | D14: KT | E14: 10 | F14: 20 | G14: 72 | H14: 64 | I14: 2 | J14: 10 | K14: 38 | L14: 194 | M14: 1
A15: 2026-09 | B15: Tháng 9/2026 | C15: Marketing | D15: MKT | E15: 6 | F15: 20 | G15: 31 | H15: 25 | I15: 2 | J15: 6 | K15: 33 | L15: 115 | M15: 0
A16: 2026-09 | B16: Tháng 9/2026 | C16: Nhân sự | D16: NS | E16: 4 | F16: 20 | G16: 22 | H16: 20 | I16: 0 | J16: 4 | K16: 15 | L16: 78 | M16: 0

Sheet Doanh số
A1: Doanh số và deal thắng toàn công ty
A2: Ô vàng là số liệu đầu vào (số liệu minh hoạ).
A4: Mã tháng | B4: Tháng | C4: Deal thắng | D4: Doanh số (triệu VND) | E4: Doanh số bình quân/deal (triệu VND) | F4: Tăng trưởng doanh số so với tháng trước
A5: 2026-07 | B5: Tháng 7/2026 | C5: 9 | D5: 1240 | E5: =IFERROR(D5/C5,0) -> 137.77778 | F5: —
A6: 2026-08 | B6: Tháng 8/2026 | C6: 11 | D6: 1385 | E6: =IFERROR(D6/C6,0) -> 125.90909 | F6: =IFERROR(D6/D5-1,0) -> 0.11693548
A7: 2026-09 | B7: Tháng 9/2026 | C7: 14 | D7: 1610 | E7: =IFERROR(D7/C7,0) -> 115 | F7: =IFERROR(D7/D6-1,0) -> 0.16245487
A8: Quý III/2026 | B8: Tổng quý | C8: =SUM(C5:C7) -> 34 | D8: =SUM(D5:D7) -> 4235 | E8: =IFERROR(D8/C8,0) -> 124.55882 | F8: =IFERROR(D7/D5-1,0) -> 0.2983871
A10: Ô F8: tăng trưởng tháng cuối quý so với tháng đầu quý. Doanh số / Deal thắng toàn công ty (thẻ KPI 'Doanh số / Deal thắng' trên trang Báo cáo & Phân tích); tuỳ chọn sử dụng.

Sheet Ngưỡng KPI
A1: Từ điển và ngưỡng KPI
A2: Mục tiêu và ngưỡng là ô nhập liệu (số liệu minh hoạ).
A4: Mã KPI | B4: Tên KPI | C4: Đơn vị | D4: Loại | E4: Chiều tốt | F4: Mục tiêu (Đạt) | G4: Ngưỡng Cần theo dõi | H4: Ngưỡng Cần xử lý ngay | I4: Công thức | J4: Nguồn dữ liệu
A5: tasksCreated | B5: Tổng công việc | C5: công việc | D5: Đầu vào | E5: Trung tính | F5: — | G5: — | H5: — | I5: Số liệu nhập | J5: analytics-service AnalyticsSummary.totalTasksCreated (sự kiện task.created, lọc departmentId qua dim_user)
A6: tasksCompleted | B6: Công việc hoàn thành | C6: công việc | D6: Đầu vào | E6: Càng cao càng tốt | F6: — | G6: — | H6: — | I6: Số liệu nhập | J6: analytics-service AnalyticsSummary.totalTasksCompleted (task chuyển trạng thái DONE)
A7: completionRate | B7: Tỷ lệ hoàn thành | C7: % | D7: Tính toán | E7: Càng cao càng tốt | F7: 0.8 | G7: 0.8 | H7: 0.7 | I7: tasksCompleted / tasksCreated | J7: analytics-service AnalyticsSummary.completionRate
A8: overdueTasks | B8: Công việc quá hạn | C8: công việc | D8: Đầu vào | E8: Càng thấp càng tốt | F8: — | G8: — | H8: — | I8: Số liệu nhập | J8: analytics-service DrillDownResult.overdueTasks (due_date < now() và chưa DONE)
A9: overdueRate | B9: Tỷ lệ công việc quá hạn | C9: % | D9: Tính toán | E9: Càng thấp càng tốt | F9: 0.08 | G9: 0.08 | H9: 0.12 | I9: overdueTasks / tasksCreated | J9: tính từ overdueTasks và totalTasksCreated
A10: activeUsers | B10: Thành viên hoạt động | C10: người | D10: Đầu vào | E10: Càng cao càng tốt | F10: — | G10: — | H10: — | I10: Số liệu nhập | J10: analytics-service AnalyticsSummary.activeUsersLast7Days (fact_user_activity, số người dùng khác nhau)
A11: activeUserRate | B11: Tỷ lệ thành viên hoạt động | C11: % | D11: Tính toán | E11: Càng cao càng tốt | F11: 0.95 | G11: 0.95 | H11: 0.85 | I11: activeUsers / headcount | J11: tính từ activeUsers và sĩ số phòng ban (dim_user)
A12: newDocuments | B12: Tài liệu mới | C12: tệp | D12: Đầu vào | E12: Càng cao càng tốt | F12: — | G12: — | H12: — | I12: Số liệu nhập | J12: analytics-service AnalyticsSummary.newDocumentsThisWeek / DocumentActivityPoint.filesUploaded (fact_document_events)
A13: attendanceRate | B13: Tỷ lệ chấm công | C13: % | D13: Tính toán | E13: Càng cao càng tốt | F13: 0.95 | G13: 0.95 | H13: 0.9 | I13: checkInDays / (headcount × workingDays) | J13: ml-service feature attendanceRate (fact_attendance, sự kiện hrm.events)
A14: anomaliesFlagged | B14: Trường hợp bất thường | C14: người | D14: Đầu vào | E14: Càng thấp càng tốt | F14: — | G14: — | H14: — | I14: Số liệu nhập | J14: ml-service POST /ml/anomalies (IsolationForest, contamination = 0,1)
