Workbook
Name DS_GiaiDoan: 'Tham số'!$B$5:$B$10

Sheet Thông tin
A1: Báo cáo khách hàng và cơ hội bán hàng quý
A3: Dự án | B3: Triển khai CRM nội bộ
A4: Nền tảng | B4: ECAP — nền tảng cộng tác và phân tích dữ liệu cho doanh nghiệp vừa và nhỏ
A5: Đơn vị | B5: Công ty Demo SME (kinh doanh máy tính, linh kiện và phụ kiện)
A6: Người đọc | B6: Trưởng phòng Kinh doanh
A7: Phiên bản | B7: 1.0
A8: Ngày phát hành | B8: 46321
A9: Phân loại | B9: Tài liệu nội bộ — Công ty Demo SME — dùng cho mục đích minh hoạ đồ án
A10: Số liệu | B10: Giá trị cơ hội, xác suất chốt, phân loại khách hàng và người phụ trách là số liệu minh hoạ.
A12: Chú giải
A13: Giá trị mẫu | B13: Ô nhập liệu (nền vàng, chữ xanh): người dùng được sửa hoặc nhập mới; mọi công thức tự tính lại.
A14: Công thức | B14: Ô công thức (nền trắng, chữ đen): tính tự động, không nhập đè.
A15: Tiêu đề | B15: Dòng tiêu đề bảng: đã cố định (freeze) và bật bộ lọc.
A17: Cấu trúc workbook
A18: Tổng hợp | B18: Pipeline theo giai đoạn, theo loại khách hàng, theo người phụ trách và chỉ số của kỳ báo cáo (SUMIFS/COUNTIFS), kèm biểu đồ.
A19: Khách hàng | B19: 12 khách hàng demo; số cơ hội và giá trị mỗi khách hàng tính bằng COUNTIFS/SUMIFS từ sheet Cơ hội.
A20: Cơ hội | B20: 24 cơ hội bán hàng (deal); xác suất, giá trị gia quyền, quý chốt và người phụ trách tính bằng INDEX/MATCH.
A21: Tham số | B21: Giai đoạn pipeline và xác suất chốt; kỳ báo cáo (ngày bắt đầu/kết thúc) — đều là ô nhập liệu.
A23: Giả định và nguồn dữ liệu
A24: 1. | B24: Khách hàng (tên công ty, người liên hệ, email, điện thoại, ghi chú) và cơ hội (tên, giá trị, giai đoạn) lấy từ dữ liệu mẫu CRM của ECAP (scripts/seed.js). Các công ty đều là tên hư cấu.
A25: 2. | B25: Tên giai đoạn trùng nhãn trên Kanban deal của web-app ECAP: Mới, Đã liên hệ, Đề xuất, Đàm phán, Hoàn thành, Thất bại. Tỷ lệ chốt = Hoàn thành / (Hoàn thành + Thất bại).
A26: 3. | B26: Ngày dự kiến chốt = 26/10/2026 cộng độ lệch ngày của dữ liệu mẫu (âm = đã qua, dùng cho cơ hội Hoàn thành/Thất bại).
A27: 4. | B27: Loại khách hàng (theo danh sách phân loại của form khách hàng trên ECAP) và người phụ trách (2 nhân viên phòng Kinh doanh trong dữ liệu mẫu) là phân công minh hoạ, suy ra từ ghi chú khách hàng.
A28: 5. | B28: Phạm vi dữ liệu: từ 26/10/2026, Trưởng phòng (vai trò Manager) chỉ xem khách hàng do chính mình và nhân viên trong phòng phụ trách. Báo cáo này gồm khách hàng do nhân viên phòng Kinh doanh phụ trách, đúng phạm vi Trưởng phòng Kinh doanh xem được trên ECAP.
A29: 6. | B29: Xác suất chốt theo giai đoạn (10%/20%/40%/60%/100%/0%) là giả định minh hoạ, sửa được ở sheet Tham số.
A30: 7. | B30: Kỳ báo cáo mặc định là quý IV/2026 (01/10/2026 – 31/12/2026); đổi ngày ở sheet Tham số thì sheet Tổng hợp tự tính lại.
A31: 8. | B31: Giá trị cơ hội tính bằng VND. Giá trị gia quyền = Giá trị dự kiến × Xác suất chốt.

Sheet Tổng hợp
A1: Tổng hợp khách hàng và pipeline bán hàng
A2: Toàn bộ số liệu là công thức SUMIFS/COUNTIFS; số liệu minh hoạ.
A3: 1. Pipeline theo giai đoạn
A4: Giai đoạn | B4: Số cơ hội | C4: Tổng giá trị (VND) | D4: Giá trị gia quyền (VND) | E4: Tỷ trọng giá trị | F4: Trạng thái
A5: ='Tham số'!B5 -> Mới | B5: =COUNTIFS('Cơ hội'!$E$5:$E$200,A5) -> 5 | C5: =SUMIFS('Cơ hội'!$F$5:$F$200,'Cơ hội'!$E$5:$E$200,A5) -> 113000000 | D5: =SUMIFS('Cơ hội'!$H$5:$H$200,'Cơ hội'!$E$5:$E$200,A5) -> 11300000 | E5: =IFERROR(C5/$C$11,0) -> 0.075333333 | F5: ='Tham số'!D5 -> Đang mở
A6: ='Tham số'!B6 -> Đã liên hệ | B6: =COUNTIFS('Cơ hội'!$E$5:$E$200,A6) -> 5 | C6: =SUMIFS('Cơ hội'!$F$5:$F$200,'Cơ hội'!$E$5:$E$200,A6) -> 315000000 | D6: =SUMIFS('Cơ hội'!$H$5:$H$200,'Cơ hội'!$E$5:$E$200,A6) -> 63000000 | E6: =IFERROR(C6/$C$11,0) -> 0.21 | F6: ='Tham số'!D6 -> Đang mở
A7: ='Tham số'!B7 -> Đề xuất | B7: =COUNTIFS('Cơ hội'!$E$5:$E$200,A7) -> 3 | C7: =SUMIFS('Cơ hội'!$F$5:$F$200,'Cơ hội'!$E$5:$E$200,A7) -> 208000000 | D7: =SUMIFS('Cơ hội'!$H$5:$H$200,'Cơ hội'!$E$5:$E$200,A7) -> 83200000 | E7: =IFERROR(C7/$C$11,0) -> 0.13866667 | F7: ='Tham số'!D7 -> Đang mở
A8: ='Tham số'!B8 -> Đàm phán | B8: =COUNTIFS('Cơ hội'!$E$5:$E$200,A8) -> 4 | C8: =SUMIFS('Cơ hội'!$F$5:$F$200,'Cơ hội'!$E$5:$E$200,A8) -> 396000000 | D8: =SUMIFS('Cơ hội'!$H$5:$H$200,'Cơ hội'!$E$5:$E$200,A8) -> 237600000 | E8: =IFERROR(C8/$C$11,0) -> 0.264 | F8: ='Tham số'!D8 -> Đang mở
A9: ='Tham số'!B9 -> Hoàn thành | B9: =COUNTIFS('Cơ hội'!$E$5:$E$200,A9) -> 4 | C9: =SUMIFS('Cơ hội'!$F$5:$F$200,'Cơ hội'!$E$5:$E$200,A9) -> 318000000 | D9: =SUMIFS('Cơ hội'!$H$5:$H$200,'Cơ hội'!$E$5:$E$200,A9) -> 318000000 | E9: =IFERROR(C9/$C$11,0) -> 0.212 | F9: ='Tham số'!D9 -> Đã đóng
A10: ='Tham số'!B10 -> Thất bại | B10: =COUNTIFS('Cơ hội'!$E$5:$E$200,A10) -> 3 | C10: =SUMIFS('Cơ hội'!$F$5:$F$200,'Cơ hội'!$E$5:$E$200,A10) -> 150000000 | D10: =SUMIFS('Cơ hội'!$H$5:$H$200,'Cơ hội'!$E$5:$E$200,A10) -> 0 | E10: =IFERROR(C10/$C$11,0) -> 0.1 | F10: ='Tham số'!D10 -> Đã đóng
A11: Tổng cộng | B11: =SUM(B5:B10) -> 24 | C11: =SUM(C5:C10) -> 1500000000 | D11: =SUM(D5:D10) -> 713100000 | E11: =SUM(E5:E10) -> 1
A13: 2. Theo loại khách hàng
A14: Loại khách hàng | B14: Số khách hàng | C14: Số cơ hội | D14: Tổng giá trị (VND) | E14: Giá trị Hoàn thành (VND) | F14: Giá trị đang mở (VND)
A15: Khách hàng thân thiết | B15: =COUNTIFS('Khách hàng'!$G$5:$G$200,A15) -> 3 | C15: =SUMIFS('Khách hàng'!$K$5:$K$200,'Khách hàng'!$G$5:$G$200,A15) -> 6 | D15: =SUMIFS('Khách hàng'!$L$5:$L$200,'Khách hàng'!$G$5:$G$200,A15) -> 252000000 | E15: =SUMIFS('Khách hàng'!$O$5:$O$200,'Khách hàng'!$G$5:$G$200,A15) -> 168000000 | F15: =SUMIFS('Khách hàng'!$M$5:$M$200,'Khách hàng'!$G$5:$G$200,A15) -> 84000000
A16: Khách hàng tiềm năng | B16: =COUNTIFS('Khách hàng'!$G$5:$G$200,A16) -> 5 | C16: =SUMIFS('Khách hàng'!$K$5:$K$200,'Khách hàng'!$G$5:$G$200,A16) -> 10 | D16: =SUMIFS('Khách hàng'!$L$5:$L$200,'Khách hàng'!$G$5:$G$200,A16) -> 684000000 | E16: =SUMIFS('Khách hàng'!$O$5:$O$200,'Khách hàng'!$G$5:$G$200,A16) -> 0 | F16: =SUMIFS('Khách hàng'!$M$5:$M$200,'Khách hàng'!$G$5:$G$200,A16) -> 549000000
A17: Khách hàng mới | B17: =COUNTIFS('Khách hàng'!$G$5:$G$200,A17) -> 3 | C17: =SUMIFS('Khách hàng'!$K$5:$K$200,'Khách hàng'!$G$5:$G$200,A17) -> 6 | D17: =SUMIFS('Khách hàng'!$L$5:$L$200,'Khách hàng'!$G$5:$G$200,A17) -> 324000000 | E17: =SUMIFS('Khách hàng'!$O$5:$O$200,'Khách hàng'!$G$5:$G$200,A17) -> 0 | F17: =SUMIFS('Khách hàng'!$M$5:$M$200,'Khách hàng'!$G$5:$G$200,A17) -> 309000000
A18: Khách hàng VIP | B18: =COUNTIFS('Khách hàng'!$G$5:$G$200,A18) -> 1 | C18: =SUMIFS('Khách hàng'!$K$5:$K$200,'Khách hàng'!$G$5:$G$200,A18) -> 2 | D18: =SUMIFS('Khách hàng'!$L$5:$L$200,'Khách hàng'!$G$5:$G$200,A18) -> 240000000 | E18: =SUMIFS('Khách hàng'!$O$5:$O$200,'Khách hàng'!$G$5:$G$200,A18) -> 150000000 | F18: =SUMIFS('Khách hàng'!$M$5:$M$200,'Khách hàng'!$G$5:$G$200,A18) -> 90000000
A19: Tổng cộng | B19: =SUM(B15:B18) -> 12 | C19: =SUM(C15:C18) -> 24 | D19: =SUM(D15:D18) -> 1500000000 | E19: =SUM(E15:E18) -> 318000000 | F19: =SUM(F15:F18) -> 1032000000
A21: 3. Theo người phụ trách
A22: Người phụ trách | B22: Số khách hàng | C22: Số cơ hội | D22: Giá trị đang mở (VND) | E22: Giá trị gia quyền đang mở (VND) | F22: Giá trị Hoàn thành (VND)
A23: Nguyễn Văn An | B23: =COUNTIFS('Khách hàng'!$H$5:$H$200,A23) -> 6 | C23: =SUMIFS('Khách hàng'!$K$5:$K$200,'Khách hàng'!$H$5:$H$200,A23) -> 12 | D23: =SUMIFS('Khách hàng'!$M$5:$M$200,'Khách hàng'!$H$5:$H$200,A23) -> 246000000 | E23: =SUMIFS('Khách hàng'!$N$5:$N$200,'Khách hàng'!$H$5:$H$200,A23) -> 86000000 | F23: =SUMIFS('Khách hàng'!$O$5:$O$200,'Khách hàng'!$H$5:$H$200,A23) -> 168000000
A24: Hoàng Văn Đức | B24: =COUNTIFS('Khách hàng'!$H$5:$H$200,A24) -> 6 | C24: =SUMIFS('Khách hàng'!$K$5:$K$200,'Khách hàng'!$H$5:$H$200,A24) -> 12 | D24: =SUMIFS('Khách hàng'!$M$5:$M$200,'Khách hàng'!$H$5:$H$200,A24) -> 786000000 | E24: =SUMIFS('Khách hàng'!$N$5:$N$200,'Khách hàng'!$H$5:$H$200,A24) -> 309100000 | F24: =SUMIFS('Khách hàng'!$O$5:$O$200,'Khách hàng'!$H$5:$H$200,A24) -> 150000000
A25: Tổng cộng | B25: =SUM(B23:B24) -> 12 | C25: =SUM(C23:C24) -> 24 | D25: =SUM(D23:D24) -> 1032000000 | E25: =SUM(E23:E24) -> 395100000 | F25: =SUM(F23:F24) -> 318000000
A27: 4. Chỉ số kỳ báo cáo
A28: Chỉ số | B28: Giá trị | C28: Cách tính
A29: Kỳ báo cáo | B29: ='Tham số'!B16 -> Q4/2026 | C29: Tên quý theo ngày bắt đầu kỳ (sheet Tham số)
A30: Từ ngày | B30: ='Tham số'!$B$14 -> 46296 | C30: Sheet Tham số
A31: Đến ngày | B31: ='Tham số'!$B$15 -> 46387 | C31: Sheet Tham số
A32: Số cơ hội có ngày chốt trong kỳ | B32: =COUNTIFS('Cơ hội'!$I$5:$I$200,">="&B30,'Cơ hội'!$I$5:$I$200,"<="&B31) -> 21 | C32: COUNTIFS theo ngày dự kiến chốt, mọi giai đoạn
A33: Giá trị đang mở dự kiến chốt trong kỳ (VND) | B33: =SUMIFS('Cơ hội'!$F$5:$F$200,'Cơ hội'!$I$5:$I$200,">="&B30,'Cơ hội'!$I$5:$I$200,"<="&B31,'Cơ hội'!$M$5:$M$200,"Đang mở") -> 977000000 | C33: SUMIFS, chỉ cơ hội đang mở
A34: Giá trị gia quyền đang mở trong kỳ (VND) | B34: =SUMIFS('Cơ hội'!$H$5:$H$200,'Cơ hội'!$I$5:$I$200,">="&B30,'Cơ hội'!$I$5:$I$200,"<="&B31,'Cơ hội'!$M$5:$M$200,"Đang mở") -> 389600000 | C34: SUMIFS cột gia quyền
A35: Số cơ hội Hoàn thành trong kỳ | B35: =COUNTIFS('Cơ hội'!$E$5:$E$200,"Hoàn thành",'Cơ hội'!$I$5:$I$200,">="&B30,'Cơ hội'!$I$5:$I$200,"<="&B31) -> 2 | C35: COUNTIFS giai đoạn Hoàn thành
A36: Giá trị Hoàn thành trong kỳ (VND) | B36: =SUMIFS('Cơ hội'!$F$5:$F$200,'Cơ hội'!$E$5:$E$200,"Hoàn thành",'Cơ hội'!$I$5:$I$200,">="&B30,'Cơ hội'!$I$5:$I$200,"<="&B31) -> 235000000 | C36: SUMIFS giai đoạn Hoàn thành
A37: Số cơ hội Thất bại trong kỳ | B37: =COUNTIFS('Cơ hội'!$E$5:$E$200,"Thất bại",'Cơ hội'!$I$5:$I$200,">="&B30,'Cơ hội'!$I$5:$I$200,"<="&B31) -> 3 | C37: COUNTIFS giai đoạn Thất bại
A38: Tỷ lệ chốt trong kỳ | B38: =IFERROR(B35/(B35+B37),0) -> 0.4 | C38: Hoàn thành / (Hoàn thành + Thất bại)
A39: Tỷ lệ chốt toàn bộ dữ liệu | B39: =IFERROR(COUNTIFS('Cơ hội'!$E$5:$E$200,"Hoàn thành")/(COUNTIFS('Cơ hội'!$E$5:$E$200,"Hoàn thành")+COUNTIFS('Cơ hội'!$E$5:$E$200,"Thất bại")),0) -> 0.57142857 | C39: Không lọc theo kỳ
A40: Giá trị trung bình mỗi cơ hội (VND) | B40: =IFERROR(AVERAGEIF('Cơ hội'!$F$5:$F$200,">0"),0) -> 71428571 | C40: Bỏ qua cơ hội demo giá trị 0 đồng
A41: Số khách hàng có cơ hội đang mở | B41: =COUNTIF('Khách hàng'!$M$5:$M$200,">0") -> 11 | C41: Khách hàng có giá trị đang mở > 0

Sheet Khách hàng
A1: Danh sách khách hàng
A2: Cột K–O là công thức lấy từ sheet Cơ hội.
A4: STT | B4: Mã KH | C4: Công ty | D4: Người liên hệ | E4: Email | F4: Điện thoại | G4: Loại khách hàng | H4: Người phụ trách | I4: Phòng ban | J4: Ghi chú | K4: Số cơ hội | L4: Tổng giá trị dự kiến (VND) | M4: Giá trị đang mở (VND) | N4: Giá trị gia quyền đang mở (VND) | O4: Giá trị Hoàn thành (VND)
A5: 1 | B5: KH-001 | C5: Công ty TNHH Thương mại Đại Phát | D5: Nguyễn Thanh Tùng | E5: tung.nguyen@daiphat.vn | F5: 0903123456 | G5: Khách hàng thân thiết | H5: Nguyễn Văn An | I5: Kinh doanh | J5: Khách hàng quen thuộc, chuyên phân phối hàng gia dụng | K5: =COUNTIFS('Cơ hội'!$B$5:$B$200,B5) -> 2 | L5: =SUMIFS('Cơ hội'!$F$5:$F$200,'Cơ hội'!$B$5:$B$200,B5) -> 63000000 | M5: =SUMIFS('Cơ hội'!$F$5:$F$200,'Cơ hội'!$B$5:$B$200,B5,'Cơ hội'!$M$5:$M$200,"Đang mở") -> 18000000 | N5: =SUMIFS('Cơ hội'!$H$5:$H$200,'Cơ hội'!$B$5:$B$200,B5,'Cơ hội'!$M$5:$M$200,"Đang mở") -> 10800000 | O5: =SUMIFS('Cơ hội'!$F$5:$F$200,'Cơ hội'!$B$5:$B$200,B5,'Cơ hội'!$E$5:$E$200,"Hoàn thành") -> 45000000
A6: 2 | B6: KH-002 | C6: Công ty CP Thực phẩm Hương Việt | D6: Trần Thị Mai Anh | E6: maianh.tran@huongviet.com.vn | F6: 0912345678 | G6: Khách hàng tiềm năng | H6: Hoàng Văn Đức | I6: Kinh doanh | J6: Đang mở rộng chuỗi cửa hàng tại TP.HCM | K6: =COUNTIFS('Cơ hội'!$B$5:$B$200,B6) -> 2 | L6: =SUMIFS('Cơ hội'!$F$5:$F$200,'Cơ hội'!$B$5:$B$200,B6) -> 185000000 | M6: =SUMIFS('Cơ hội'!$F$5:$F$200,'Cơ hội'!$B$5:$B$200,B6,'Cơ hội'!$M$5:$M$200,"Đang mở") -> 185000000 | N6: =SUMIFS('Cơ hội'!$H$5:$H$200,'Cơ hội'!$B$5:$B$200,B6,'Cơ hội'!$M$5:$M$200,"Đang mở") -> 61000000 | O6: =SUMIFS('Cơ hội'!$F$5:$F$200,'Cơ hội'!$B$5:$B$200,B6,'Cơ hội'!$E$5:$E$200,"Hoàn thành") -> 0
A7: 3 | B7: KH-003 | C7: Xưởng May Thành Công | D7: Lê Hoàng Nam | E7: nam.le@thanhcongtailor.vn | F7: 0987654321 | G7: Khách hàng tiềm năng | H7: Nguyễn Văn An | I7: Kinh doanh | J7: Khách hàng tiềm năng, quan tâm gói CRM và quản lý kho | K7: =COUNTIFS('Cơ hội'!$B$5:$B$200,B7) -> 2 | L7: =SUMIFS('Cơ hội'!$F$5:$F$200,'Cơ hội'!$B$5:$B$200,B7) -> 32000000 | M7: =SUMIFS('Cơ hội'!$F$5:$F$200,'Cơ hội'!$B$5:$B$200,B7,'Cơ hội'!$M$5:$M$200,"Đang mở") -> 32000000 | N7: =SUMIFS('Cơ hội'!$H$5:$H$200,'Cơ hội'!$B$5:$B$200,B7,'Cơ hội'!$M$5:$M$200,"Đang mở") -> 3200000 | O7: =SUMIFS('Cơ hội'!$F$5:$F$200,'Cơ hội'!$B$5:$B$200,B7,'Cơ hội'!$E$5:$E$200,"Hoàn thành") -> 0
A8: 4 | B8: KH-004 | C8: Công ty TNHH Xây dựng Phú Cường | D8: Phạm Minh Đức | E8: duc.pham@phucuong.vn | F8: 0977888999 | G8: Khách hàng tiềm năng | H8: Hoàng Văn Đức | I8: Kinh doanh | J8: — | K8: =COUNTIFS('Cơ hội'!$B$5:$B$200,B8) -> 2 | L8: =SUMIFS('Cơ hội'!$F$5:$F$200,'Cơ hội'!$B$5:$B$200,B8) -> 290000000 | M8: =SUMIFS('Cơ hội'!$F$5:$F$200,'Cơ hội'!$B$5:$B$200,B8,'Cơ hội'!$M$5:$M$200,"Đang mở") -> 250000000 | N8: =SUMIFS('Cơ hội'!$H$5:$H$200,'Cơ hội'!$B$5:$B$200,B8,'Cơ hội'!$M$5:$M$200,"Đang mở") -> 150000000 | O8: =SUMIFS('Cơ hội'!$F$5:$F$200,'Cơ hội'!$B$5:$B$200,B8,'Cơ hội'!$E$5:$E$200,"Hoàn thành") -> 0
A9: 5 | B9: KH-005 | C9: Chuỗi Cà phê Hạt Dẻ | D9: Vũ Thị Ngọc Hà | E9: ha.vu@hatdecoffee.vn | F9: 0909111222 | G9: Khách hàng thân thiết | H9: Nguyễn Văn An | I9: Kinh doanh | J9: Muốn tích hợp quản lý nhân sự cho 5 chi nhánh | K9: =COUNTIFS('Cơ hội'!$B$5:$B$200,B9) -> 2 | L9: =SUMIFS('Cơ hội'!$F$5:$F$200,'Cơ hội'!$B$5:$B$200,B9) -> 113000000 | M9: =SUMIFS('Cơ hội'!$F$5:$F$200,'Cơ hội'!$B$5:$B$200,B9,'Cơ hội'!$M$5:$M$200,"Đang mở") -> 28000000 | N9: =SUMIFS('Cơ hội'!$H$5:$H$200,'Cơ hội'!$B$5:$B$200,B9,'Cơ hội'!$M$5:$M$200,"Đang mở") -> 11200000 | O9: =SUMIFS('Cơ hội'!$F$5:$F$200,'Cơ hội'!$B$5:$B$200,B9,'Cơ hội'!$E$5:$E$200,"Hoàn thành") -> 85000000
A10: 6 | B10: KH-006 | C10: Công ty CP Vận tải Bảo Long | D10: Đặng Quốc Bảo | E10: bao.dang@baolongtransport.vn | F10: 0938222333 | G10: Khách hàng mới | H10: Hoàng Văn Đức | I10: Kinh doanh | J10: — | K10: =COUNTIFS('Cơ hội'!$B$5:$B$200,B10) -> 2 | L10: =SUMIFS('Cơ hội'!$F$5:$F$200,'Cơ hội'!$B$5:$B$200,B10) -> 235000000 | M10: =SUMIFS('Cơ hội'!$F$5:$F$200,'Cơ hội'!$B$5:$B$200,B10,'Cơ hội'!$M$5:$M$200,"Đang mở") -> 235000000 | N10: =SUMIFS('Cơ hội'!$H$5:$H$200,'Cơ hội'!$B$5:$B$200,B10,'Cơ hội'!$M$5:$M$200,"Đang mở") -> 41500000 | O10: =SUMIFS('Cơ hội'!$F$5:$F$200,'Cơ hội'!$B$5:$B$200,B10,'Cơ hội'!$E$5:$E$200,"Hoàn thành") -> 0
A11: 7 | B11: KH-007 | C11: Trung tâm Anh ngữ Global Link | D11: Hoàng Thị Thu Trang | E11: trang.hoang@globallink.edu.vn | F11: 0918444555 | G11: Khách hàng thân thiết | H11: Nguyễn Văn An | I11: Kinh doanh | J11: Khách hàng lâu năm, ký hợp đồng thường niên | K11: =COUNTIFS('Cơ hội'!$B$5:$B$200,B11) -> 2 | L11: =SUMIFS('Cơ hội'!$F$5:$F$200,'Cơ hội'!$B$5:$B$200,B11) -> 76000000 | M11: =SUMIFS('Cơ hội'!$F$5:$F$200,'Cơ hội'!$B$5:$B$200,B11,'Cơ hội'!$M$5:$M$200,"Đang mở") -> 38000000 | N11: =SUMIFS('Cơ hội'!$H$5:$H$200,'Cơ hội'!$B$5:$B$200,B11,'Cơ hội'!$M$5:$M$200,"Đang mở") -> 22800000 | O11: =SUMIFS('Cơ hội'!$F$5:$F$200,'Cơ hội'!$B$5:$B$200,B11,'Cơ hội'!$E$5:$E$200,"Hoàn thành") -> 38000000
A12: 8 | B12: KH-008 | C12: Công ty TNHH Cơ khí Chính Xác | D12: Bùi Văn Hùng | E12: hung.bui@cokhichinhxac.vn | F12: 0944666777 | G12: Khách hàng tiềm năng | H12: Hoàng Văn Đức | I12: Kinh doanh | J12: — | K12: =COUNTIFS('Cơ hội'!$B$5:$B$200,B12) -> 2 | L12: =SUMIFS('Cơ hội'!$F$5:$F$200,'Cơ hội'!$B$5:$B$200,B12) -> 95000000 | M12: =SUMIFS('Cơ hội'!$F$5:$F$200,'Cơ hội'!$B$5:$B$200,B12,'Cơ hội'!$M$5:$M$200,"Đang mở") -> 0 | N12: =SUMIFS('Cơ hội'!$H$5:$H$200,'Cơ hội'!$B$5:$B$200,B12,'Cơ hội'!$M$5:$M$200,"Đang mở") -> 0 | O12: =SUMIFS('Cơ hội'!$F$5:$F$200,'Cơ hội'!$B$5:$B$200,B12,'Cơ hội'!$E$5:$E$200,"Hoàn thành") -> 0
A13: 9 | B13: KH-009 | C13: Siêu thị Mini Xanh | D13: Ngô Thị Kim Oanh | E13: oanh.ngo@sieuthixanh.vn | F13: 0966777888 | G13: Khách hàng tiềm năng | H13: Nguyễn Văn An | I13: Kinh doanh | J13: Chuỗi 3 cửa hàng, cần báo cáo doanh số theo thời gian thực | K13: =COUNTIFS('Cơ hội'!$B$5:$B$200,B13) -> 2 | L13: =SUMIFS('Cơ hội'!$F$5:$F$200,'Cơ hội'!$B$5:$B$200,B13) -> 82000000 | M13: =SUMIFS('Cơ hội'!$F$5:$F$200,'Cơ hội'!$B$5:$B$200,B13,'Cơ hội'!$M$5:$M$200,"Đang mở") -> 82000000 | N13: =SUMIFS('Cơ hội'!$H$5:$H$200,'Cơ hội'!$B$5:$B$200,B13,'Cơ hội'!$M$5:$M$200,"Đang mở") -> 28400000 | O13: =SUMIFS('Cơ hội'!$F$5:$F$200,'Cơ hội'!$B$5:$B$200,B13,'Cơ hội'!$E$5:$E$200,"Hoàn thành") -> 0
A14: 10 | B14: KH-010 | C14: Công ty CP Công nghệ Việt Số | D14: Đỗ Anh Tuấn | E14: tuan.do@vietso.tech | F14: 0922333444 | G14: Khách hàng VIP | H14: Hoàng Văn Đức | I14: Kinh doanh | J14: Đối tác công nghệ, hợp tác triển khai module tích hợp | K14: =COUNTIFS('Cơ hội'!$B$5:$B$200,B14) -> 2 | L14: =SUMIFS('Cơ hội'!$F$5:$F$200,'Cơ hội'!$B$5:$B$200,B14) -> 240000000 | M14: =SUMIFS('Cơ hội'!$F$5:$F$200,'Cơ hội'!$B$5:$B$200,B14,'Cơ hội'!$M$5:$M$200,"Đang mở") -> 90000000 | N14: =SUMIFS('Cơ hội'!$H$5:$H$200,'Cơ hội'!$B$5:$B$200,B14,'Cơ hội'!$M$5:$M$200,"Đang mở") -> 54000000 | O14: =SUMIFS('Cơ hội'!$F$5:$F$200,'Cơ hội'!$B$5:$B$200,B14,'Cơ hội'!$E$5:$E$200,"Hoàn thành") -> 150000000
A15: 11 | B15: KH-011 | C15: Nhà thuốc An Khang | D15: Lý Thị Bích Ngọc | E15: ngoc.ly@ankhangpharma.vn | F15: 0955666111 | G15: Khách hàng mới | H15: Nguyễn Văn An | I15: Kinh doanh | J15: — | K15: =COUNTIFS('Cơ hội'!$B$5:$B$200,B15) -> 2 | L15: =SUMIFS('Cơ hội'!$F$5:$F$200,'Cơ hội'!$B$5:$B$200,B15) -> 48000000 | M15: =SUMIFS('Cơ hội'!$F$5:$F$200,'Cơ hội'!$B$5:$B$200,B15,'Cơ hội'!$M$5:$M$200,"Đang mở") -> 48000000 | N15: =SUMIFS('Cơ hội'!$H$5:$H$200,'Cơ hội'!$B$5:$B$200,B15,'Cơ hội'!$M$5:$M$200,"Đang mở") -> 9600000 | O15: =SUMIFS('Cơ hội'!$F$5:$F$200,'Cơ hội'!$B$5:$B$200,B15,'Cơ hội'!$E$5:$E$200,"Hoàn thành") -> 0
A16: 12 | B16: KH-012 | C16: Công ty TNHH In ấn Sao Việt | D16: Trương Văn Long | E16: long.truong@saovietprint.vn | F16: 0933555222 | G16: Khách hàng mới | H16: Hoàng Văn Đức | I16: Kinh doanh | J16: Khách hàng mới, đang trong giai đoạn tư vấn | K16: =COUNTIFS('Cơ hội'!$B$5:$B$200,B16) -> 2 | L16: =SUMIFS('Cơ hội'!$F$5:$F$200,'Cơ hội'!$B$5:$B$200,B16) -> 41000000 | M16: =SUMIFS('Cơ hội'!$F$5:$F$200,'Cơ hội'!$B$5:$B$200,B16,'Cơ hội'!$M$5:$M$200,"Đang mở") -> 26000000 | N16: =SUMIFS('Cơ hội'!$H$5:$H$200,'Cơ hội'!$B$5:$B$200,B16,'Cơ hội'!$M$5:$M$200,"Đang mở") -> 2600000 | O16: =SUMIFS('Cơ hội'!$F$5:$F$200,'Cơ hội'!$B$5:$B$200,B16,'Cơ hội'!$E$5:$E$200,"Hoàn thành") -> 0

Sheet Cơ hội
A1: Danh sách cơ hội bán hàng
A2: Cột C, G, H, J, K, L, M là công thức; giai đoạn chọn từ danh sách.
A4: Mã cơ hội | B4: Mã KH | C4: Khách hàng | D4: Tên cơ hội | E4: Giai đoạn | F4: Giá trị dự kiến (VND) | G4: Xác suất chốt | H4: Giá trị gia quyền (VND) | I4: Ngày dự kiến chốt | J4: Quý chốt | K4: Trong kỳ báo cáo | L4: Người phụ trách | M4: Trạng thái
A5: CH-001 | B5: KH-001 | C5: =IFERROR(INDEX('Khách hàng'!$C$5:$C$200,MATCH(B5,'Khách hàng'!$B$5:$B$200,0)),"") -> Công ty TNHH Thương mại Đại Phát | D5: Gói triển khai CRM cơ bản | E5: Hoàn thành | F5: 45000000 | G5: =IFERROR(INDEX('Tham số'!$C$5:$C$10,MATCH(E5,'Tham số'!$B$5:$B$10,0)),0) -> 1 | H5: =F5*G5 -> 45000000 | I5: 46281 | J5: =IF(I5="","","Q"&ROUNDUP(MONTH(I5)/3,0)&"/"&YEAR(I5)) -> Q3/2026 | K5: =IF(AND(I5>='Tham số'!$B$14,I5<='Tham số'!$B$15),"Có","Không") -> Không | L5: =IFERROR(INDEX('Khách hàng'!$H$5:$H$200,MATCH(B5,'Khách hàng'!$B$5:$B$200,0)),"") -> Nguyễn Văn An | M5: =IFERROR(INDEX('Tham số'!$D$5:$D$10,MATCH(E5,'Tham số'!$B$5:$B$10,0)),"") -> Đã đóng
A6: CH-002 | B6: KH-001 | C6: =IFERROR(INDEX('Khách hàng'!$C$5:$C$200,MATCH(B6,'Khách hàng'!$B$5:$B$200,0)),"") -> Công ty TNHH Thương mại Đại Phát | D6: Hợp đồng bảo trì hệ thống năm 2027 | E6: Đàm phán | F6: 18000000 | G6: =IFERROR(INDEX('Tham số'!$C$5:$C$10,MATCH(E6,'Tham số'!$B$5:$B$10,0)),0) -> 0.6 | H6: =F6*G6 -> 10800000 | I6: 46341 | J6: =IF(I6="","","Q"&ROUNDUP(MONTH(I6)/3,0)&"/"&YEAR(I6)) -> Q4/2026 | K6: =IF(AND(I6>='Tham số'!$B$14,I6<='Tham số'!$B$15),"Có","Không") -> Có | L6: =IFERROR(INDEX('Khách hàng'!$H$5:$H$200,MATCH(B6,'Khách hàng'!$B$5:$B$200,0)),"") -> Nguyễn Văn An | M6: =IFERROR(INDEX('Tham số'!$D$5:$D$10,MATCH(E6,'Tham số'!$B$5:$B$10,0)),"") -> Đang mở
A7: CH-003 | B7: KH-002 | C7: =IFERROR(INDEX('Khách hàng'!$C$5:$C$200,MATCH(B7,'Khách hàng'!$B$5:$B$200,0)),"") -> Công ty CP Thực phẩm Hương Việt | D7: Gói quản lý chuỗi cung ứng thực phẩm | E7: Đề xuất | F7: 120000000 | G7: =IFERROR(INDEX('Tham số'!$C$5:$C$10,MATCH(E7,'Tham số'!$B$5:$B$10,0)),0) -> 0.4 | H7: =F7*G7 -> 48000000 | I7: 46351 | J7: =IF(I7="","","Q"&ROUNDUP(MONTH(I7)/3,0)&"/"&YEAR(I7)) -> Q4/2026 | K7: =IF(AND(I7>='Tham số'!$B$14,I7<='Tham số'!$B$15),"Có","Không") -> Có | L7: =IFERROR(INDEX('Khách hàng'!$H$5:$H$200,MATCH(B7,'Khách hàng'!$B$5:$B$200,0)),"") -> Hoàng Văn Đức | M7: =IFERROR(INDEX('Tham số'!$D$5:$D$10,MATCH(E7,'Tham số'!$B$5:$B$10,0)),"") -> Đang mở
A8: CH-004 | B8: KH-002 | C8: =IFERROR(INDEX('Khách hàng'!$C$5:$C$200,MATCH(B8,'Khách hàng'!$B$5:$B$200,0)),"") -> Công ty CP Thực phẩm Hương Việt | D8: Dịch vụ tư vấn số hóa quy trình sản xuất | E8: Đã liên hệ | F8: 65000000 | G8: =IFERROR(INDEX('Tham số'!$C$5:$C$10,MATCH(E8,'Tham số'!$B$5:$B$10,0)),0) -> 0.2 | H8: =F8*G8 -> 13000000 | I8: 46366 | J8: =IF(I8="","","Q"&ROUNDUP(MONTH(I8)/3,0)&"/"&YEAR(I8)) -> Q4/2026 | K8: =IF(AND(I8>='Tham số'!$B$14,I8<='Tham số'!$B$15),"Có","Không") -> Có | L8: =IFERROR(INDEX('Khách hàng'!$H$5:$H$200,MATCH(B8,'Khách hàng'!$B$5:$B$200,0)),"") -> Hoàng Văn Đức | M8: =IFERROR(INDEX('Tham số'!$D$5:$D$10,MATCH(E8,'Tham số'!$B$5:$B$10,0)),"") -> Đang mở
A9: CH-005 | B9: KH-003 | C9: =IFERROR(INDEX('Khách hàng'!$C$5:$C$200,MATCH(B9,'Khách hàng'!$B$5:$B$200,0)),"") -> Xưởng May Thành Công | D9: Gói phần mềm quản lý kho vải | E9: Mới | F9: 32000000 | G9: =IFERROR(INDEX('Tham số'!$C$5:$C$10,MATCH(E9,'Tham số'!$B$5:$B$10,0)),0) -> 0.1 | H9: =F9*G9 -> 3200000 | I9: 46381 | J9: =IF(I9="","","Q"&ROUNDUP(MONTH(I9)/3,0)&"/"&YEAR(I9)) -> Q4/2026 | K9: =IF(AND(I9>='Tham số'!$B$14,I9<='Tham số'!$B$15),"Có","Không") -> Có | L9: =IFERROR(INDEX('Khách hàng'!$H$5:$H$200,MATCH(B9,'Khách hàng'!$B$5:$B$200,0)),"") -> Nguyễn Văn An | M9: =IFERROR(INDEX('Tham số'!$D$5:$D$10,MATCH(E9,'Tham số'!$B$5:$B$10,0)),"") -> Đang mở
A10: CH-006 | B10: KH-003 | C10: =IFERROR(INDEX('Khách hàng'!$C$5:$C$200,MATCH(B10,'Khách hàng'!$B$5:$B$200,0)),"") -> Xưởng May Thành Công | D10: Demo dùng thử hệ thống CRM | E10: Đã liên hệ | F10: 0 | G10: =IFERROR(INDEX('Tham số'!$C$5:$C$10,MATCH(E10,'Tham số'!$B$5:$B$10,0)),0) -> 0.2 | H10: =F10*G10 -> 0 | I10: 46346 | J10: =IF(I10="","","Q"&ROUNDUP(MONTH(I10)/3,0)&"/"&YEAR(I10)) -> Q4/2026 | K10: =IF(AND(I10>='Tham số'!$B$14,I10<='Tham số'!$B$15),"Có","Không") -> Có | L10: =IFERROR(INDEX('Khách hàng'!$H$5:$H$200,MATCH(B10,'Khách hàng'!$B$5:$B$200,0)),"") -> Nguyễn Văn An | M10: =IFERROR(INDEX('Tham số'!$D$5:$D$10,MATCH(E10,'Tham số'!$B$5:$B$10,0)),"") -> Đang mở
A11: CH-007 | B11: KH-004 | C11: =IFERROR(INDEX('Khách hàng'!$C$5:$C$200,MATCH(B11,'Khách hàng'!$B$5:$B$200,0)),"") -> Công ty TNHH Xây dựng Phú Cường | D11: Hợp đồng quản lý dự án xây dựng | E11: Đàm phán | F11: 250000000 | G11: =IFERROR(INDEX('Tham số'!$C$5:$C$10,MATCH(E11,'Tham số'!$B$5:$B$10,0)),0) -> 0.6 | H11: =F11*G11 -> 150000000 | I11: 46336 | J11: =IF(I11="","","Q"&ROUNDUP(MONTH(I11)/3,0)&"/"&YEAR(I11)) -> Q4/2026 | K11: =IF(AND(I11>='Tham số'!$B$14,I11<='Tham số'!$B$15),"Có","Không") -> Có | L11: =IFERROR(INDEX('Khách hàng'!$H$5:$H$200,MATCH(B11,'Khách hàng'!$B$5:$B$200,0)),"") -> Hoàng Văn Đức | M11: =IFERROR(INDEX('Tham số'!$D$5:$D$10,MATCH(E11,'Tham số'!$B$5:$B$10,0)),"") -> Đang mở
A12: CH-008 | B12: KH-004 | C12: =IFERROR(INDEX('Khách hàng'!$C$5:$C$200,MATCH(B12,'Khách hàng'!$B$5:$B$200,0)),"") -> Công ty TNHH Xây dựng Phú Cường | D12: Gói theo dõi tiến độ công trình | E12: Thất bại | F12: 40000000 | G12: =IFERROR(INDEX('Tham số'!$C$5:$C$10,MATCH(E12,'Tham số'!$B$5:$B$10,0)),0) -> 0 | H12: =F12*G12 -> 0 | I12: 46311 | J12: =IF(I12="","","Q"&ROUNDUP(MONTH(I12)/3,0)&"/"&YEAR(I12)) -> Q4/2026 | K12: =IF(AND(I12>='Tham số'!$B$14,I12<='Tham số'!$B$15),"Có","Không") -> Có | L12: =IFERROR(INDEX('Khách hàng'!$H$5:$H$200,MATCH(B12,'Khách hàng'!$B$5:$B$200,0)),"") -> Hoàng Văn Đức | M12: =IFERROR(INDEX('Tham số'!$D$5:$D$10,MATCH(E12,'Tham số'!$B$5:$B$10,0)),"") -> Đã đóng
A13: CH-009 | B13: KH-005 | C13: =IFERROR(INDEX('Khách hàng'!$C$5:$C$200,MATCH(B13,'Khách hàng'!$B$5:$B$200,0)),"") -> Chuỗi Cà phê Hạt Dẻ | D13: Gói quản lý nhân sự đa chi nhánh | E13: Hoàn thành | F13: 85000000 | G13: =IFERROR(INDEX('Tham số'!$C$5:$C$10,MATCH(E13,'Tham số'!$B$5:$B$10,0)),0) -> 1 | H13: =F13*G13 -> 85000000 | I13: 46306 | J13: =IF(I13="","","Q"&ROUNDUP(MONTH(I13)/3,0)&"/"&YEAR(I13)) -> Q4/2026 | K13: =IF(AND(I13>='Tham số'!$B$14,I13<='Tham số'!$B$15),"Có","Không") -> Có | L13: =IFERROR(INDEX('Khách hàng'!$H$5:$H$200,MATCH(B13,'Khách hàng'!$B$5:$B$200,0)),"") -> Nguyễn Văn An | M13: =IFERROR(INDEX('Tham số'!$D$5:$D$10,MATCH(E13,'Tham số'!$B$5:$B$10,0)),"") -> Đã đóng
A14: CH-010 | B14: KH-005 | C14: =IFERROR(INDEX('Khách hàng'!$C$5:$C$200,MATCH(B14,'Khách hàng'!$B$5:$B$200,0)),"") -> Chuỗi Cà phê Hạt Dẻ | D14: Gói báo cáo doanh thu theo chi nhánh | E14: Đề xuất | F14: 28000000 | G14: =IFERROR(INDEX('Tham số'!$C$5:$C$10,MATCH(E14,'Tham số'!$B$5:$B$10,0)),0) -> 0.4 | H14: =F14*G14 -> 11200000 | I14: 46356 | J14: =IF(I14="","","Q"&ROUNDUP(MONTH(I14)/3,0)&"/"&YEAR(I14)) -> Q4/2026 | K14: =IF(AND(I14>='Tham số'!$B$14,I14<='Tham số'!$B$15),"Có","Không") -> Có | L14: =IFERROR(INDEX('Khách hàng'!$H$5:$H$200,MATCH(B14,'Khách hàng'!$B$5:$B$200,0)),"") -> Nguyễn Văn An | M14: =IFERROR(INDEX('Tham số'!$D$5:$D$10,MATCH(E14,'Tham số'!$B$5:$B$10,0)),"") -> Đang mở
A15: CH-011 | B15: KH-006 | C15: =IFERROR(INDEX('Khách hàng'!$C$5:$C$200,MATCH(B15,'Khách hàng'!$B$5:$B$200,0)),"") -> Công ty CP Vận tải Bảo Long | D15: Hợp đồng tích hợp hệ thống điều phối xe | E15: Đã liên hệ | F15: 180000000 | G15: =IFERROR(INDEX('Tham số'!$C$5:$C$10,MATCH(E15,'Tham số'!$B$5:$B$10,0)),0) -> 0.2 | H15: =F15*G15 -> 36000000 | I15: 46371 | J15: =IF(I15="","","Q"&ROUNDUP(MONTH(I15)/3,0)&"/"&YEAR(I15)) -> Q4/2026 | K15: =IF(AND(I15>='Tham số'!$B$14,I15<='Tham số'!$B$15),"Có","Không") -> Có | L15: =IFERROR(INDEX('Khách hàng'!$H$5:$H$200,MATCH(B15,'Khách hàng'!$B$5:$B$200,0)),"") -> Hoàng Văn Đức | M15: =IFERROR(INDEX('Tham số'!$D$5:$D$10,MATCH(E15,'Tham số'!$B$5:$B$10,0)),"") -> Đang mở
A16: CH-012 | B16: KH-006 | C16: =IFERROR(INDEX('Khách hàng'!$C$5:$C$200,MATCH(B16,'Khách hàng'!$B$5:$B$200,0)),"") -> Công ty CP Vận tải Bảo Long | D16: Gói theo dõi đơn hàng thời gian thực | E16: Mới | F16: 55000000 | G16: =IFERROR(INDEX('Tham số'!$C$5:$C$10,MATCH(E16,'Tham số'!$B$5:$B$10,0)),0) -> 0.1 | H16: =F16*G16 -> 5500000 | I16: 46391 | J16: =IF(I16="","","Q"&ROUNDUP(MONTH(I16)/3,0)&"/"&YEAR(I16)) -> Q1/2027 | K16: =IF(AND(I16>='Tham số'!$B$14,I16<='Tham số'!$B$15),"Có","Không") -> Không | L16: =IFERROR(INDEX('Khách hàng'!$H$5:$H$200,MATCH(B16,'Khách hàng'!$B$5:$B$200,0)),"") -> Hoàng Văn Đức | M16: =IFERROR(INDEX('Tham số'!$D$5:$D$10,MATCH(E16,'Tham số'!$B$5:$B$10,0)),"") -> Đang mở
... A28: CH-024 | B28: KH-012 | C28: =IFERROR(INDEX('Khách hàng'!$C$5:$C$200,MATCH(B28,'Khách hàng'!$B$5:$B$200,0)),"") -> Công ty TNHH In ấn Sao Việt | D28: Gói quản lý đơn hàng in ấn | E28: Mới | F28: 26000000 | G28: =IFERROR(INDEX('Tham số'!$C$5:$C$10,MATCH(E28,'Tham số'!$B$5:$B$10,0)),0) -> 0.1 | H28: =F28*G28 -> 2600000 | I28: 46386 | J28: =IF(I28="","","Q"&ROUNDUP(MONTH(I28)/3,0)&"/"&YEAR(I28)) -> Q4/2026 | K28: =IF(AND(I28>='Tham số'!$B$14,I28<='Tham số'!$B$15),"Có","Không") -> Có | L28: =IFERROR(INDEX('Khách hàng'!$H$5:$H$200,MATCH(B28,'Khách hàng'!$B$5:$B$200,0)),"") -> Hoàng Văn Đức | M28: =IFERROR(INDEX('Tham số'!$D$5:$D$10,MATCH(E28,'Tham số'!$B$5:$B$10,0)),"") -> Đang mở

Sheet Tham số
A1: Tham số báo cáo
A2: Ô vàng là ô nhập liệu; các sheet khác tham chiếu tới đây.
A4: Mã giai đoạn | B4: Giai đoạn | C4: Xác suất chốt (minh hoạ) | D4: Trạng thái
A5: NEW | B5: Mới | C5: 0.1 | D5: Đang mở
A6: CONTACTED | B6: Đã liên hệ | C6: 0.2 | D6: Đang mở
A7: PROPOSAL | B7: Đề xuất | C7: 0.4 | D7: Đang mở
A8: NEGOTIATION | B8: Đàm phán | C8: 0.6 | D8: Đang mở
A9: WON | B9: Hoàn thành | C9: 1 | D9: Đã đóng
A10: LOST | B10: Thất bại | C10: 0 | D10: Đã đóng
A13: Kỳ báo cáo | B13: Giá trị
A14: Ngày bắt đầu kỳ | B14: 46296
A15: Ngày kết thúc kỳ | B15: 46387
A16: Tên kỳ | B16: ="Q"&ROUNDUP(MONTH(B14)/3,0)&"/"&YEAR(B14) -> Q4/2026
A17: Ngày lập báo cáo | B17: 46321
