Workbook
Name DS_SKU: 'Danh mục thiết bị'!$A$5:$A$23

Sheet Thông tin
A1: Bảng kiểm kê thiết bị IT nội bộ
A3: Dự án | B3: Nâng cấp hạ tầng Docker
A4: Nền tảng | B4: ECAP — nền tảng cộng tác và phân tích dữ liệu cho doanh nghiệp vừa và nhỏ
A5: Đơn vị | B5: Công ty Demo SME (kinh doanh máy tính, linh kiện và phụ kiện)
A6: Người đọc | B6: Quản trị IT, quản lý kho
A7: Phiên bản | B7: 1.0
A8: Ngày phát hành | B8: 46321
A9: Phân loại | B9: Tài liệu nội bộ — Công ty Demo SME — dùng cho mục đích minh hoạ đồ án
A10: Số liệu | B10: Serial, ngày cấp, tình trạng và thời hạn bảo hành nội bộ là số liệu minh hoạ.
A12: Chú giải
A13: Giá trị mẫu | B13: Ô nhập liệu (nền vàng, chữ xanh): người dùng được sửa hoặc nhập mới; mọi công thức tự tính lại.
A14: Công thức | B14: Ô công thức (nền trắng, chữ đen): tính tự động, không nhập đè.
A15: Tiêu đề | B15: Dòng tiêu đề bảng: đã cố định (freeze) và bật bộ lọc.
A17: Cấu trúc workbook
A18: Tổng hợp | B18: Số thiết bị theo phòng ban × tình trạng, theo danh mục và theo tình trạng bảo hành (COUNTIFS/SUMIFS), kèm biểu đồ.
A19: Kiểm kê | B19: Mỗi dòng một tài sản đã cấp; tên, danh mục, bảo hành, hạn bảo hành và giá trị tra từ Danh mục thiết bị bằng INDEX/MATCH.
A20: Danh mục thiết bị | B20: 19 SKU trong kho kèm đơn giá tham khảo, thời hạn bảo hành nội bộ và thông số chính có nguồn.
A21: Tham số | B21: Ngày kiểm kê, ngưỡng cảnh báo sắp hết bảo hành và danh sách giá trị cho ô chọn.
A23: Giả định và nguồn dữ liệu
A24: 1. | B24: SKU, tên sản phẩm, danh mục và đơn giá lấy từ dữ liệu mẫu kho của ECAP (scripts/seed-inventory.js); thông số chính lấy từ bộ dữ liệu đã kiểm chứng, có ghi nguồn.
A25: 2. | B25: Người sử dụng và phòng ban (Kinh doanh, Kỹ thuật, Marketing, Nhân sự) lấy theo nhân viên demo trong scripts/seed.js; phân bổ thiết bị là minh hoạ.
A26: 3. | B26: Số serial, ngày cấp, tình trạng và ghi chú sự cố là số liệu minh hoạ (serial có tiền tố DEMO, không phải serial thật).
A27: 4. | B27: Thời hạn bảo hành nội bộ theo danh mục (Laptop/PC 24 tháng, Linh kiện/Màn hình 36 tháng, Phụ kiện 12 tháng) là giả định minh hoạ, không phải bảo hành của hãng; sửa ở sheet Danh mục thiết bị.
A28: 5. | B28: Hạn bảo hành = EDATE(Ngày cấp; số tháng bảo hành). "Sắp hết hạn" khi còn không quá số ngày ngưỡng ở sheet Tham số (mặc định 90 ngày).
A29: 6. | B29: Màn hình cong BenQ và vỏ case ATX là cấu hình tham khảo (chưa xác nhận đúng model). RAM Kingston là kit 2x2 GB, không phải 2x4 GB như tên trong kho.
A30: 7. | B30: Máy chủ thử nghiệm Docker được lắp từ linh kiện trong kho (CPU, bo mạch, tản nhiệt, SSD, nguồn, vỏ); các linh kiện được ghi thành từng dòng tài sản. RAM DDR4 desktop mua ngoài vì kho chỉ có RAM DDR2 SO-DIMM cho laptop, nên không có trong bảng này.

Sheet Tổng hợp
A1: Tổng hợp kiểm kê thiết bị IT
A2: Toàn bộ số liệu là công thức COUNTIFS/SUMIFS từ sheet Kiểm kê.
A3: 1. Số thiết bị theo phòng ban và tình trạng
A4: Phòng ban | B4: Đang sử dụng | C4: Dự phòng | D4: Đang sửa chữa | E4: Chờ thanh lý | F4: Tổng thiết bị | G4: Giá trị tham khảo (VND)
A5: Kinh doanh | B5: =COUNTIFS('Kiểm kê'!$G$5:$G$300,$A5,'Kiểm kê'!$N$5:$N$300,B$4) -> 5 | C5: =COUNTIFS('Kiểm kê'!$G$5:$G$300,$A5,'Kiểm kê'!$N$5:$N$300,C$4) -> 0 | D5: =COUNTIFS('Kiểm kê'!$G$5:$G$300,$A5,'Kiểm kê'!$N$5:$N$300,D$4) -> 0 | E5: =COUNTIFS('Kiểm kê'!$G$5:$G$300,$A5,'Kiểm kê'!$N$5:$N$300,E$4) -> 0 | F5: =SUM(B5:E5) -> 5 | G5: =SUMIFS('Kiểm kê'!$O$5:$O$300,'Kiểm kê'!$G$5:$G$300,$A5) -> 33150000
A6: Kỹ thuật | B6: =COUNTIFS('Kiểm kê'!$G$5:$G$300,$A6,'Kiểm kê'!$N$5:$N$300,B$4) -> 12 | C6: =COUNTIFS('Kiểm kê'!$G$5:$G$300,$A6,'Kiểm kê'!$N$5:$N$300,C$4) -> 4 | D6: =COUNTIFS('Kiểm kê'!$G$5:$G$300,$A6,'Kiểm kê'!$N$5:$N$300,D$4) -> 0 | E6: =COUNTIFS('Kiểm kê'!$G$5:$G$300,$A6,'Kiểm kê'!$N$5:$N$300,E$4) -> 0 | F6: =SUM(B6:E6) -> 16 | G6: =SUMIFS('Kiểm kê'!$O$5:$O$300,'Kiểm kê'!$G$5:$G$300,$A6) -> 114020000
A7: Marketing | B7: =COUNTIFS('Kiểm kê'!$G$5:$G$300,$A7,'Kiểm kê'!$N$5:$N$300,B$4) -> 5 | C7: =COUNTIFS('Kiểm kê'!$G$5:$G$300,$A7,'Kiểm kê'!$N$5:$N$300,C$4) -> 0 | D7: =COUNTIFS('Kiểm kê'!$G$5:$G$300,$A7,'Kiểm kê'!$N$5:$N$300,D$4) -> 1 | E7: =COUNTIFS('Kiểm kê'!$G$5:$G$300,$A7,'Kiểm kê'!$N$5:$N$300,E$4) -> 0 | F7: =SUM(B7:E7) -> 6 | G7: =SUMIFS('Kiểm kê'!$O$5:$O$300,'Kiểm kê'!$G$5:$G$300,$A7) -> 65490000
A8: Nhân sự | B8: =COUNTIFS('Kiểm kê'!$G$5:$G$300,$A8,'Kiểm kê'!$N$5:$N$300,B$4) -> 4 | C8: =COUNTIFS('Kiểm kê'!$G$5:$G$300,$A8,'Kiểm kê'!$N$5:$N$300,C$4) -> 0 | D8: =COUNTIFS('Kiểm kê'!$G$5:$G$300,$A8,'Kiểm kê'!$N$5:$N$300,D$4) -> 0 | E8: =COUNTIFS('Kiểm kê'!$G$5:$G$300,$A8,'Kiểm kê'!$N$5:$N$300,E$4) -> 1 | F8: =SUM(B8:E8) -> 5 | G8: =SUMIFS('Kiểm kê'!$O$5:$O$300,'Kiểm kê'!$G$5:$G$300,$A8) -> 39140000
A9: Tổng cộng | B9: =SUM(B5:B8) -> 26 | C9: =SUM(C5:C8) -> 4 | D9: =SUM(D5:D8) -> 1 | E9: =SUM(E5:E8) -> 1 | F9: =SUM(F5:F8) -> 32 | G9: =SUM(G5:G8) -> 251800000
A10: Kiểm tra | B10: =IF(F9=COUNTA('Kiểm kê'!$A$5:$A$300),"Khớp số dòng kiểm kê","Lệch — kiểm tra phòng ban/tình trạng") -> Khớp số dòng kiểm kê
A12: 2. Theo danh mục
A13: Danh mục | B13: Số thiết bị | C13: Đang sử dụng | D13: Tỷ lệ đang sử dụng | E13: Giá trị tham khảo (VND)
A14: Laptop | B14: =COUNTIFS('Kiểm kê'!$D$5:$D$300,A14) -> 6 | C14: =COUNTIFS('Kiểm kê'!$D$5:$D$300,A14,'Kiểm kê'!$N$5:$N$300,"Đang sử dụng") -> 4 | D14: =IFERROR(C14/B14,0) -> 0.66666667 | E14: =SUMIFS('Kiểm kê'!$O$5:$O$300,'Kiểm kê'!$D$5:$D$300,A14) -> 117400000
A15: PC để bàn | B15: =COUNTIFS('Kiểm kê'!$D$5:$D$300,A15) -> 4 | C15: =COUNTIFS('Kiểm kê'!$D$5:$D$300,A15,'Kiểm kê'!$N$5:$N$300,"Đang sử dụng") -> 4 | D15: =IFERROR(C15/B15,0) -> 1 | E15: =SUMIFS('Kiểm kê'!$O$5:$O$300,'Kiểm kê'!$D$5:$D$300,A15) -> 51200000
A16: Linh kiện PC | B16: =COUNTIFS('Kiểm kê'!$D$5:$D$300,A16) -> 9 | C16: =COUNTIFS('Kiểm kê'!$D$5:$D$300,A16,'Kiểm kê'!$N$5:$N$300,"Đang sử dụng") -> 6 | D16: =IFERROR(C16/B16,0) -> 0.66666667 | E16: =SUMIFS('Kiểm kê'!$O$5:$O$300,'Kiểm kê'!$D$5:$D$300,A16) -> 52050000
A17: Màn hình | B17: =COUNTIFS('Kiểm kê'!$D$5:$D$300,A17) -> 4 | C17: =COUNTIFS('Kiểm kê'!$D$5:$D$300,A17,'Kiểm kê'!$N$5:$N$300,"Đang sử dụng") -> 3 | D17: =IFERROR(C17/B17,0) -> 0.75 | E17: =SUMIFS('Kiểm kê'!$O$5:$O$300,'Kiểm kê'!$D$5:$D$300,A17) -> 19780000
A18: Phụ kiện | B18: =COUNTIFS('Kiểm kê'!$D$5:$D$300,A18) -> 9 | C18: =COUNTIFS('Kiểm kê'!$D$5:$D$300,A18,'Kiểm kê'!$N$5:$N$300,"Đang sử dụng") -> 9 | D18: =IFERROR(C18/B18,0) -> 1 | E18: =SUMIFS('Kiểm kê'!$O$5:$O$300,'Kiểm kê'!$D$5:$D$300,A18) -> 11370000
A19: Tổng cộng | B19: =SUM(B14:B18) -> 32 | C19: =SUM(C14:C18) -> 26 | D19: =IFERROR(C19/B19,0) -> 0.8125 | E19: =SUM(E14:E18) -> 251800000
A21: 3. Tình trạng bảo hành (so với ngày kiểm kê)
A22: Tình trạng bảo hành | B22: Số thiết bị | C22: Tỷ lệ | D22: Ghi chú
A23: Còn hạn | B23: =COUNTIF('Kiểm kê'!$M$5:$M$300,A23) -> 19 | C23: =IFERROR(B23/$B$26,0) -> 0.59375 | D23: Còn trên ngưỡng cảnh báo
A24: Sắp hết hạn | B24: =COUNTIF('Kiểm kê'!$M$5:$M$300,A24) -> 2 | C24: =IFERROR(B24/$B$26,0) -> 0.0625 | D24: Còn không quá số ngày ngưỡng (sheet Tham số)
A25: Hết hạn | B25: =COUNTIF('Kiểm kê'!$M$5:$M$300,A25) -> 11 | C25: =IFERROR(B25/$B$26,0) -> 0.34375 | D25: Đã quá hạn bảo hành nội bộ
A26: Tổng cộng | B26: =SUM(B23:B25) -> 32 | C26: =SUM(C23:C25) -> 1
A27: Ngày kiểm kê | B27: ='Tham số'!$B$5 -> 46321

Sheet Kiểm kê
A1: Danh sách tài sản IT đã cấp phát
A2: Ô vàng là dữ liệu nhập; cột C, D, J–M, O là công thức.
A4: Mã tài sản | B4: SKU | C4: Tên thiết bị | D4: Danh mục | E4: Số serial (minh hoạ) | F4: Người sử dụng | G4: Phòng ban | H4: Vị trí | I4: Ngày cấp | J4: Bảo hành (tháng) | K4: Hạn bảo hành | L4: Số ngày còn lại | M4: Tình trạng bảo hành | N4: Tình trạng thiết bị | O4: Giá trị tham khảo (VND) | P4: Ghi chú
A5: TS-001 | B5: LAP-LENOVO-T460 | C5: =IFERROR(INDEX('Danh mục thiết bị'!$B$5:$B$53,MATCH(B5,'Danh mục thiết bị'!$A$5:$A$53,0)),"") -> Laptop Lenovo ThinkPad T460 | D5: =IFERROR(INDEX('Danh mục thiết bị'!$C$5:$C$53,MATCH(B5,'Danh mục thiết bị'!$A$5:$A$53,0)),"") -> Laptop | E5: DEMO-LAP-250001 | F5: Nguyễn Văn An | G5: Kinh doanh | H5: Văn phòng Hà Nội | I5: 45731 | J5: =IFERROR(INDEX('Danh mục thiết bị'!$F$5:$F$53,MATCH(B5,'Danh mục thiết bị'!$A$5:$A$53,0)),0) -> 24 | K5: =IF(I5="","",EDATE(I5,J5)) -> 46461 | L5: =IF(K5="","",K5-'Tham số'!$B$5) -> 140 | M5: =IF(K5="","",IF(L5<0,"Hết hạn",IF(L5<='Tham số'!$B$6,"Sắp hết hạn","Còn hạn"))) -> Còn hạn | N5: Đang sử dụng | O5: =IFERROR(INDEX('Danh mục thiết bị'!$E$5:$E$53,MATCH(B5,'Danh mục thiết bị'!$A$5:$A$53,0)),0) -> 14900000
A6: TS-002 | B6: MOUSE-PROTOARC-WIRELESS | C6: =IFERROR(INDEX('Danh mục thiết bị'!$B$5:$B$53,MATCH(B6,'Danh mục thiết bị'!$A$5:$A$53,0)),"") -> Chuột không dây ProtoArc | D6: =IFERROR(INDEX('Danh mục thiết bị'!$C$5:$C$53,MATCH(B6,'Danh mục thiết bị'!$A$5:$A$53,0)),"") -> Phụ kiện | E6: DEMO-MOUSE-250002 | F6: Nguyễn Văn An | G6: Kinh doanh | H6: Văn phòng Hà Nội | I6: 45731 | J6: =IFERROR(INDEX('Danh mục thiết bị'!$F$5:$F$53,MATCH(B6,'Danh mục thiết bị'!$A$5:$A$53,0)),0) -> 12 | K6: =IF(I6="","",EDATE(I6,J6)) -> 46096 | L6: =IF(K6="","",K6-'Tham số'!$B$5) -> -225 | M6: =IF(K6="","",IF(L6<0,"Hết hạn",IF(L6<='Tham số'!$B$6,"Sắp hết hạn","Còn hạn"))) -> Hết hạn | N6: Đang sử dụng | O6: =IFERROR(INDEX('Danh mục thiết bị'!$E$5:$E$53,MATCH(B6,'Danh mục thiết bị'!$A$5:$A$53,0)),0) -> 450000
A7: TS-003 | B7: HEADSET-CREATIVE-SBX-H5 | C7: =IFERROR(INDEX('Danh mục thiết bị'!$B$5:$B$53,MATCH(B7,'Danh mục thiết bị'!$A$5:$A$53,0)),"") -> Tai nghe Creative Sound BlasterX H5 | D7: =IFERROR(INDEX('Danh mục thiết bị'!$C$5:$C$53,MATCH(B7,'Danh mục thiết bị'!$A$5:$A$53,0)),"") -> Phụ kiện | E7: DEMO-HEADSET-250003 | F7: Nguyễn Văn An | G7: Kinh doanh | H7: Văn phòng Hà Nội | I7: 45810 | J7: =IFERROR(INDEX('Danh mục thiết bị'!$F$5:$F$53,MATCH(B7,'Danh mục thiết bị'!$A$5:$A$53,0)),0) -> 12 | K7: =IF(I7="","",EDATE(I7,J7)) -> 46175 | L7: =IF(K7="","",K7-'Tham số'!$B$5) -> -146 | M7: =IF(K7="","",IF(L7<0,"Hết hạn",IF(L7<='Tham số'!$B$6,"Sắp hết hạn","Còn hạn"))) -> Hết hạn | N7: Đang sử dụng | O7: =IFERROR(INDEX('Danh mục thiết bị'!$E$5:$E$53,MATCH(B7,'Danh mục thiết bị'!$A$5:$A$53,0)),0) -> 1450000 | P7: Dùng cho gọi tư vấn khách hàng
A8: TS-004 | B8: PC-GAMING-FRACTAL-TUF | C8: =IFERROR(INDEX('Danh mục thiết bị'!$B$5:$B$53,MATCH(B8,'Danh mục thiết bị'!$A$5:$A$53,0)),"") -> PC Gaming Fractal Design TUF Edition | D8: =IFERROR(INDEX('Danh mục thiết bị'!$C$5:$C$53,MATCH(B8,'Danh mục thiết bị'!$A$5:$A$53,0)),"") -> PC để bàn | E8: DEMO-PC-250004 | F8: Trần Thị Bình | G8: Kỹ thuật | H8: Văn phòng Hà Nội | I8: 45667 | J8: =IFERROR(INDEX('Danh mục thiết bị'!$F$5:$F$53,MATCH(B8,'Danh mục thiết bị'!$A$5:$A$53,0)),0) -> 24 | K8: =IF(I8="","",EDATE(I8,J8)) -> 46397 | L8: =IF(K8="","",K8-'Tham số'!$B$5) -> 76 | M8: =IF(K8="","",IF(L8<0,"Hết hạn",IF(L8<='Tham số'!$B$6,"Sắp hết hạn","Còn hạn"))) -> Sắp hết hạn | N8: Đang sử dụng | O8: =IFERROR(INDEX('Danh mục thiết bị'!$E$5:$E$53,MATCH(B8,'Danh mục thiết bị'!$A$5:$A$53,0)),0) -> 24500000 | P8: Máy dựng và kiểm thử ứng dụng
A9: TS-005 | B9: MON-BENQ-CURVEDGAMING | C9: =IFERROR(INDEX('Danh mục thiết bị'!$B$5:$B$53,MATCH(B9,'Danh mục thiết bị'!$A$5:$A$53,0)),"") -> Màn hình Gaming cong BenQ | D9: =IFERROR(INDEX('Danh mục thiết bị'!$C$5:$C$53,MATCH(B9,'Danh mục thiết bị'!$A$5:$A$53,0)),"") -> Màn hình | E9: DEMO-MON-250005 | F9: Trần Thị Bình | G9: Kỹ thuật | H9: Văn phòng Hà Nội | I9: 45667 | J9: =IFERROR(INDEX('Danh mục thiết bị'!$F$5:$F$53,MATCH(B9,'Danh mục thiết bị'!$A$5:$A$53,0)),0) -> 36 | K9: =IF(I9="","",EDATE(I9,J9)) -> 46762 | L9: =IF(K9="","",K9-'Tham số'!$B$5) -> 441 | M9: =IF(K9="","",IF(L9<0,"Hết hạn",IF(L9<='Tham số'!$B$6,"Sắp hết hạn","Còn hạn"))) -> Còn hạn | N9: Đang sử dụng | O9: =IFERROR(INDEX('Danh mục thiết bị'!$E$5:$E$53,MATCH(B9,'Danh mục thiết bị'!$A$5:$A$53,0)),0) -> 7900000 | P9: Model màn hình là cấu hình tham khảo
A10: TS-006 | B10: KB-KEYCHRON-K4 | C10: =IFERROR(INDEX('Danh mục thiết bị'!$B$5:$B$53,MATCH(B10,'Danh mục thiết bị'!$A$5:$A$53,0)),"") -> Bàn phím cơ Keychron K4 | D10: =IFERROR(INDEX('Danh mục thiết bị'!$C$5:$C$53,MATCH(B10,'Danh mục thiết bị'!$A$5:$A$53,0)),"") -> Phụ kiện | E10: DEMO-KB-250006 | F10: Trần Thị Bình | G10: Kỹ thuật | H10: Văn phòng Hà Nội | I10: 45667 | J10: =IFERROR(INDEX('Danh mục thiết bị'!$F$5:$F$53,MATCH(B10,'Danh mục thiết bị'!$A$5:$A$53,0)),0) -> 12 | K10: =IF(I10="","",EDATE(I10,J10)) -> 46032 | L10: =IF(K10="","",K10-'Tham số'!$B$5) -> -289 | M10: =IF(K10="","",IF(L10<0,"Hết hạn",IF(L10<='Tham số'!$B$6,"Sắp hết hạn","Còn hạn"))) -> Hết hạn | N10: Đang sử dụng | O10: =IFERROR(INDEX('Danh mục thiết bị'!$E$5:$E$53,MATCH(B10,'Danh mục thiết bị'!$A$5:$A$53,0)),0) -> 1890000
A11: TS-007 | B11: PC-OFFICE-OPTIPLEX9020 | C11: =IFERROR(INDEX('Danh mục thiết bị'!$B$5:$B$53,MATCH(B11,'Danh mục thiết bị'!$A$5:$A$53,0)),"") -> PC Văn phòng Dell OptiPlex 9020 | D11: =IFERROR(INDEX('Danh mục thiết bị'!$C$5:$C$53,MATCH(B11,'Danh mục thiết bị'!$A$5:$A$53,0)),"") -> PC để bàn | E11: DEMO-PC-240007 | F11: Lê Văn Chi | G11: Nhân sự | H11: Văn phòng Hà Nội | I11: 45524 | J11: =IFERROR(INDEX('Danh mục thiết bị'!$F$5:$F$53,MATCH(B11,'Danh mục thiết bị'!$A$5:$A$53,0)),0) -> 24 | K11: =IF(I11="","",EDATE(I11,J11)) -> 46254 | L11: =IF(K11="","",K11-'Tham số'!$B$5) -> -67 | M11: =IF(K11="","",IF(L11<0,"Hết hạn",IF(L11<='Tham số'!$B$6,"Sắp hết hạn","Còn hạn"))) -> Hết hạn | N11: Đang sử dụng | O11: =IFERROR(INDEX('Danh mục thiết bị'!$E$5:$E$53,MATCH(B11,'Danh mục thiết bị'!$A$5:$A$53,0)),0) -> 8900000
A12: TS-008 | B12: MON-SAMSUNG-SYNCMASTER940B | C12: =IFERROR(INDEX('Danh mục thiết bị'!$B$5:$B$53,MATCH(B12,'Danh mục thiết bị'!$A$5:$A$53,0)),"") -> Màn hình Samsung SyncMaster 940B | D12: =IFERROR(INDEX('Danh mục thiết bị'!$C$5:$C$53,MATCH(B12,'Danh mục thiết bị'!$A$5:$A$53,0)),"") -> Màn hình | E12: DEMO-MON-240008 | F12: Lê Văn Chi | G12: Nhân sự | H12: Văn phòng Hà Nội | I12: 45524 | J12: =IFERROR(INDEX('Danh mục thiết bị'!$F$5:$F$53,MATCH(B12,'Danh mục thiết bị'!$A$5:$A$53,0)),0) -> 36 | K12: =IF(I12="","",EDATE(I12,J12)) -> 46619 | L12: =IF(K12="","",K12-'Tham số'!$B$5) -> 298 | M12: =IF(K12="","",IF(L12<0,"Hết hạn",IF(L12<='Tham số'!$B$6,"Sắp hết hạn","Còn hạn"))) -> Còn hạn | N12: Đang sử dụng | O12: =IFERROR(INDEX('Danh mục thiết bị'!$E$5:$E$53,MATCH(B12,'Danh mục thiết bị'!$A$5:$A$53,0)),0) -> 1990000
A13: TS-009 | B13: MOUSE-PROTOARC-WIRELESS | C13: =IFERROR(INDEX('Danh mục thiết bị'!$B$5:$B$53,MATCH(B13,'Danh mục thiết bị'!$A$5:$A$53,0)),"") -> Chuột không dây ProtoArc | D13: =IFERROR(INDEX('Danh mục thiết bị'!$C$5:$C$53,MATCH(B13,'Danh mục thiết bị'!$A$5:$A$53,0)),"") -> Phụ kiện | E13: DEMO-MOUSE-240009 | F13: Lê Văn Chi | G13: Nhân sự | H13: Văn phòng Hà Nội | I13: 45524 | J13: =IFERROR(INDEX('Danh mục thiết bị'!$F$5:$F$53,MATCH(B13,'Danh mục thiết bị'!$A$5:$A$53,0)),0) -> 12 | K13: =IF(I13="","",EDATE(I13,J13)) -> 45889 | L13: =IF(K13="","",K13-'Tham số'!$B$5) -> -432 | M13: =IF(K13="","",IF(L13<0,"Hết hạn",IF(L13<='Tham số'!$B$6,"Sắp hết hạn","Còn hạn"))) -> Hết hạn | N13: Đang sử dụng | O13: =IFERROR(INDEX('Danh mục thiết bị'!$E$5:$E$53,MATCH(B13,'Danh mục thiết bị'!$A$5:$A$53,0)),0) -> 450000
A14: TS-010 | B14: LAP-HP-ENVY14 | C14: =IFERROR(INDEX('Danh mục thiết bị'!$B$5:$B$53,MATCH(B14,'Danh mục thiết bị'!$A$5:$A$53,0)),"") -> Laptop HP Envy 14 | D14: =IFERROR(INDEX('Danh mục thiết bị'!$C$5:$C$53,MATCH(B14,'Danh mục thiết bị'!$A$5:$A$53,0)),"") -> Laptop | E14: DEMO-LAP-250010 | F14: Phạm Thị Dung | G14: Marketing | H14: Văn phòng Hà Nội | I14: 45782 | J14: =IFERROR(INDEX('Danh mục thiết bị'!$F$5:$F$53,MATCH(B14,'Danh mục thiết bị'!$A$5:$A$53,0)),0) -> 24 | K14: =IF(I14="","",EDATE(I14,J14)) -> 46512 | L14: =IF(K14="","",K14-'Tham số'!$B$5) -> 191 | M14: =IF(K14="","",IF(L14<0,"Hết hạn",IF(L14<='Tham số'!$B$6,"Sắp hết hạn","Còn hạn"))) -> Còn hạn | N14: Đang sử dụng | O14: =IFERROR(INDEX('Danh mục thiết bị'!$E$5:$E$53,MATCH(B14,'Danh mục thiết bị'!$A$5:$A$53,0)),0) -> 26900000 | P14: Thiết kế ấn phẩm, dựng video ngắn
A15: TS-011 | B15: MON-BENQ-CURVEDGAMING | C15: =IFERROR(INDEX('Danh mục thiết bị'!$B$5:$B$53,MATCH(B15,'Danh mục thiết bị'!$A$5:$A$53,0)),"") -> Màn hình Gaming cong BenQ | D15: =IFERROR(INDEX('Danh mục thiết bị'!$C$5:$C$53,MATCH(B15,'Danh mục thiết bị'!$A$5:$A$53,0)),"") -> Màn hình | E15: DEMO-MON-250011 | F15: Phạm Thị Dung | G15: Marketing | H15: Văn phòng Hà Nội | I15: 45782 | J15: =IFERROR(INDEX('Danh mục thiết bị'!$F$5:$F$53,MATCH(B15,'Danh mục thiết bị'!$A$5:$A$53,0)),0) -> 36 | K15: =IF(I15="","",EDATE(I15,J15)) -> 46878 | L15: =IF(K15="","",K15-'Tham số'!$B$5) -> 557 | M15: =IF(K15="","",IF(L15<0,"Hết hạn",IF(L15<='Tham số'!$B$6,"Sắp hết hạn","Còn hạn"))) -> Còn hạn | N15: Đang sửa chữa | O15: =IFERROR(INDEX('Danh mục thiết bị'!$E$5:$E$53,MATCH(B15,'Danh mục thiết bị'!$A$5:$A$53,0)),0) -> 7900000 | P15: Cổng HDMI chập chờn, đã gửi bảo hành (minh hoạ)
A16: TS-012 | B16: MOUSE-PROTOARC-WIRELESS | C16: =IFERROR(INDEX('Danh mục thiết bị'!$B$5:$B$53,MATCH(B16,'Danh mục thiết bị'!$A$5:$A$53,0)),"") -> Chuột không dây ProtoArc | D16: =IFERROR(INDEX('Danh mục thiết bị'!$C$5:$C$53,MATCH(B16,'Danh mục thiết bị'!$A$5:$A$53,0)),"") -> Phụ kiện | E16: DEMO-MOUSE-250012 | F16: Phạm Thị Dung | G16: Marketing | H16: Văn phòng Hà Nội | I16: 45782 | J16: =IFERROR(INDEX('Danh mục thiết bị'!$F$5:$F$53,MATCH(B16,'Danh mục thiết bị'!$A$5:$A$53,0)),0) -> 12 | K16: =IF(I16="","",EDATE(I16,J16)) -> 46147 | L16: =IF(K16="","",K16-'Tham số'!$B$5) -> -174 | M16: =IF(K16="","",IF(L16<0,"Hết hạn",IF(L16<='Tham số'!$B$6,"Sắp hết hạn","Còn hạn"))) -> Hết hạn | N16: Đang sử dụng | O16: =IFERROR(INDEX('Danh mục thiết bị'!$E$5:$E$53,MATCH(B16,'Danh mục thiết bị'!$A$5:$A$53,0)),0) -> 450000
A17: TS-013 | B17: LAP-LENOVO-T460 | C17: =IFERROR(INDEX('Danh mục thiết bị'!$B$5:$B$53,MATCH(B17,'Danh mục thiết bị'!$A$5:$A$53,0)),"") -> Laptop Lenovo ThinkPad T460 | D17: =IFERROR(INDEX('Danh mục thiết bị'!$C$5:$C$53,MATCH(B17,'Danh mục thiết bị'!$A$5:$A$53,0)),"") -> Laptop | E17: DEMO-LAP-240013 | F17: Hoàng Văn Đức | G17: Kinh doanh | H17: Văn phòng Hà Nội | I17: 45608 | J17: =IFERROR(INDEX('Danh mục thiết bị'!$F$5:$F$53,MATCH(B17,'Danh mục thiết bị'!$A$5:$A$53,0)),0) -> 24 | K17: =IF(I17="","",EDATE(I17,J17)) -> 46338 | L17: =IF(K17="","",K17-'Tham số'!$B$5) -> 17 | M17: =IF(K17="","",IF(L17<0,"Hết hạn",IF(L17<='Tham số'!$B$6,"Sắp hết hạn","Còn hạn"))) -> Sắp hết hạn | N17: Đang sử dụng | O17: =IFERROR(INDEX('Danh mục thiết bị'!$E$5:$E$53,MATCH(B17,'Danh mục thiết bị'!$A$5:$A$53,0)),0) -> 14900000
A18: TS-014 | B18: HEADSET-CREATIVE-SBX-H5 | C18: =IFERROR(INDEX('Danh mục thiết bị'!$B$5:$B$53,MATCH(B18,'Danh mục thiết bị'!$A$5:$A$53,0)),"") -> Tai nghe Creative Sound BlasterX H5 | D18: =IFERROR(INDEX('Danh mục thiết bị'!$C$5:$C$53,MATCH(B18,'Danh mục thiết bị'!$A$5:$A$53,0)),"") -> Phụ kiện | E18: DEMO-HEADSET-240014 | F18: Hoàng Văn Đức | G18: Kinh doanh | H18: Văn phòng Hà Nội | I18: 45608 | J18: =IFERROR(INDEX('Danh mục thiết bị'!$F$5:$F$53,MATCH(B18,'Danh mục thiết bị'!$A$5:$A$53,0)),0) -> 12 | K18: =IF(I18="","",EDATE(I18,J18)) -> 45973 | L18: =IF(K18="","",K18-'Tham số'!$B$5) -> -348 | M18: =IF(K18="","",IF(L18<0,"Hết hạn",IF(L18<='Tham số'!$B$6,"Sắp hết hạn","Còn hạn"))) -> Hết hạn | N18: Đang sử dụng | O18: =IFERROR(INDEX('Danh mục thiết bị'!$E$5:$E$53,MATCH(B18,'Danh mục thiết bị'!$A$5:$A$53,0)),0) -> 1450000
A19: TS-015 | B19: PC-OFFICE-OPTIPLEX9020 | C19: =IFERROR(INDEX('Danh mục thiết bị'!$B$5:$B$53,MATCH(B19,'Danh mục thiết bị'!$A$5:$A$53,0)),"") -> PC Văn phòng Dell OptiPlex 9020 | D19: =IFERROR(INDEX('Danh mục thiết bị'!$C$5:$C$53,MATCH(B19,'Danh mục thiết bị'!$A$5:$A$53,0)),"") -> PC để bàn | E19: DEMO-PC-240015 | F19: Vũ Thị Em | G19: Kỹ thuật | H19: Văn phòng Hà Nội | I19: 45538 | J19: =IFERROR(INDEX('Danh mục thiết bị'!$F$5:$F$53,MATCH(B19,'Danh mục thiết bị'!$A$5:$A$53,0)),0) -> 24 | K19: =IF(I19="","",EDATE(I19,J19)) -> 46268 | L19: =IF(K19="","",K19-'Tham số'!$B$5) -> -53 | M19: =IF(K19="","",IF(L19<0,"Hết hạn",IF(L19<='Tham số'!$B$6,"Sắp hết hạn","Còn hạn"))) -> Hết hạn | N19: Đang sử dụng | O19: =IFERROR(INDEX('Danh mục thiết bị'!$E$5:$E$53,MATCH(B19,'Danh mục thiết bị'!$A$5:$A$53,0)),0) -> 8900000
A20: TS-016 | B20: MON-SAMSUNG-SYNCMASTER940B | C20: =IFERROR(INDEX('Danh mục thiết bị'!$B$5:$B$53,MATCH(B20,'Danh mục thiết bị'!$A$5:$A$53,0)),"") -> Màn hình Samsung SyncMaster 940B | D20: =IFERROR(INDEX('Danh mục thiết bị'!$C$5:$C$53,MATCH(B20,'Danh mục thiết bị'!$A$5:$A$53,0)),"") -> Màn hình | E20: DEMO-MON-240016 | F20: Vũ Thị Em | G20: Kỹ thuật | H20: Văn phòng Hà Nội | I20: 45538 | J20: =IFERROR(INDEX('Danh mục thiết bị'!$F$5:$F$53,MATCH(B20,'Danh mục thiết bị'!$A$5:$A$53,0)),0) -> 36 | K20: =IF(I20="","",EDATE(I20,J20)) -> 46633 | L20: =IF(K20="","",K20-'Tham số'!$B$5) -> 312 | M20: =IF(K20="","",IF(L20<0,"Hết hạn",IF(L20<='Tham số'!$B$6,"Sắp hết hạn","Còn hạn"))) -> Còn hạn | N20: Đang sử dụng | O20: =IFERROR(INDEX('Danh mục thiết bị'!$E$5:$E$53,MATCH(B20,'Danh mục thiết bị'!$A$5:$A$53,0)),0) -> 1990000
A21: TS-017 | B21: KB-KEYCHRON-K4 | C21: =IFERROR(INDEX('Danh mục thiết bị'!$B$5:$B$53,MATCH(B21,'Danh mục thiết bị'!$A$5:$A$53,0)),"") -> Bàn phím cơ Keychron K4 | D21: =IFERROR(INDEX('Danh mục thiết bị'!$C$5:$C$53,MATCH(B21,'Danh mục thiết bị'!$A$5:$A$53,0)),"") -> Phụ kiện | E21: DEMO-KB-260017 | F21: Vũ Thị Em | G21: Kỹ thuật | H21: Văn phòng Hà Nội | I21: 46054 | J21: =IFERROR(INDEX('Danh mục thiết bị'!$F$5:$F$53,MATCH(B21,'Danh mục thiết bị'!$A$5:$A$53,0)),0) -> 12 | K21: =IF(I21="","",EDATE(I21,J21)) -> 46419 | L21: =IF(K21="","",K21-'Tham số'!$B$5) -> 98 | M21: =IF(K21="","",IF(L21<0,"Hết hạn",IF(L21<='Tham số'!$B$6,"Sắp hết hạn","Còn hạn"))) -> Còn hạn | N21: Đang sử dụng | O21: =IFERROR(INDEX('Danh mục thiết bị'!$E$5:$E$53,MATCH(B21,'Danh mục thiết bị'!$A$5:$A$53,0)),0) -> 1890000
A22: TS-018 | B22: LAP-DELL-XPSM1330 | C22: =IFERROR(INDEX('Danh mục thiết bị'!$B$5:$B$53,MATCH(B22,'Danh mục thiết bị'!$A$5:$A$53,0)),"") -> Laptop Dell XPS M1330 | D22: =IFERROR(INDEX('Danh mục thiết bị'!$C$5:$C$53,MATCH(B22,'Danh mục thiết bị'!$A$5:$A$53,0)),"") -> Laptop | E22: DEMO-LAP-230018 | F22: Đỗ Văn Phong | G22: Nhân sự | H22: Kho Hà Nội | I22: 45278 | J22: =IFERROR(INDEX('Danh mục thiết bị'!$F$5:$F$53,MATCH(B22,'Danh mục thiết bị'!$A$5:$A$53,0)),0) -> 24 | K22: =IF(I22="","",EDATE(I22,J22)) -> 46009 | L22: =IF(K22="","",K22-'Tham số'!$B$5) -> -312 | M22: =IF(K22="","",IF(L22<0,"Hết hạn",IF(L22<='Tham số'!$B$6,"Sắp hết hạn","Còn hạn"))) -> Hết hạn | N22: Chờ thanh lý | O22: =IFERROR(INDEX('Danh mục thiết bị'!$E$5:$E$53,MATCH(B22,'Danh mục thiết bị'!$A$5:$A$53,0)),0) -> 18900000 | P22: Máy đời 2007, đã thu hồi, thay bằng TS-019
A23: TS-019 | B23: PC-OFFICE-OPTIPLEX9020 | C23: =IFERROR(INDEX('Danh mục thiết bị'!$B$5:$B$53,MATCH(B23,'Danh mục thiết bị'!$A$5:$A$53,0)),"") -> PC Văn phòng Dell OptiPlex 9020 | D23: =IFERROR(INDEX('Danh mục thiết bị'!$C$5:$C$53,MATCH(B23,'Danh mục thiết bị'!$A$5:$A$53,0)),"") -> PC để bàn | E23: DEMO-PC-260019 | F23: Đỗ Văn Phong | G23: Nhân sự | H23: Văn phòng Hà Nội | I23: 46287 | J23: =IFERROR(INDEX('Danh mục thiết bị'!$F$5:$F$53,MATCH(B23,'Danh mục thiết bị'!$A$5:$A$53,0)),0) -> 24 | K23: =IF(I23="","",EDATE(I23,J23)) -> 47018 | L23: =IF(K23="","",K23-'Tham số'!$B$5) -> 697 | M23: =IF(K23="","",IF(L23<0,"Hết hạn",IF(L23<='Tham số'!$B$6,"Sắp hết hạn","Còn hạn"))) -> Còn hạn | N23: Đang sử dụng | O23: =IFERROR(INDEX('Danh mục thiết bị'!$E$5:$E$53,MATCH(B23,'Danh mục thiết bị'!$A$5:$A$53,0)),0) -> 8900000 | P23: Thay thế TS-018
A24: TS-020 | B24: LAP-HP-ENVY14 | C24: =IFERROR(INDEX('Danh mục thiết bị'!$B$5:$B$53,MATCH(B24,'Danh mục thiết bị'!$A$5:$A$53,0)),"") -> Laptop HP Envy 14 | D24: =IFERROR(INDEX('Danh mục thiết bị'!$C$5:$C$53,MATCH(B24,'Danh mục thiết bị'!$A$5:$A$53,0)),"") -> Laptop | E24: DEMO-LAP-250020 | F24: Ngô Thị Giang | G24: Marketing | H24: Văn phòng Hà Nội | I24: 45852 | J24: =IFERROR(INDEX('Danh mục thiết bị'!$F$5:$F$53,MATCH(B24,'Danh mục thiết bị'!$A$5:$A$53,0)),0) -> 24 | K24: =IF(I24="","",EDATE(I24,J24)) -> 46582 | L24: =IF(K24="","",K24-'Tham số'!$B$5) -> 261 | M24: =IF(K24="","",IF(L24<0,"Hết hạn",IF(L24<='Tham số'!$B$6,"Sắp hết hạn","Còn hạn"))) -> Còn hạn | N24: Đang sử dụng | O24: =IFERROR(INDEX('Danh mục thiết bị'!$E$5:$E$53,MATCH(B24,'Danh mục thiết bị'!$A$5:$A$53,0)),0) -> 26900000
A25: TS-021 | B25: HEADSET-CREATIVE-SBX-H5 | C25: =IFERROR(INDEX('Danh mục thiết bị'!$B$5:$B$53,MATCH(B25,'Danh mục thiết bị'!$A$5:$A$53,0)),"") -> Tai nghe Creative Sound BlasterX H5 | D25: =IFERROR(INDEX('Danh mục thiết bị'!$C$5:$C$53,MATCH(B25,'Danh mục thiết bị'!$A$5:$A$53,0)),"") -> Phụ kiện | E25: DEMO-HEADSET-250021 | F25: Ngô Thị Giang | G25: Marketing | H25: Văn phòng Hà Nội | I25: 45852 | J25: =IFERROR(INDEX('Danh mục thiết bị'!$F$5:$F$53,MATCH(B25,'Danh mục thiết bị'!$A$5:$A$53,0)),0) -> 12 | K25: =IF(I25="","",EDATE(I25,J25)) -> 46217 | L25: =IF(K25="","",K25-'Tham số'!$B$5) -> -104 | M25: =IF(K25="","",IF(L25<0,"Hết hạn",IF(L25<='Tham số'!$B$6,"Sắp hết hạn","Còn hạn"))) -> Hết hạn | N25: Đang sử dụng | O25: =IFERROR(INDEX('Danh mục thiết bị'!$E$5:$E$53,MATCH(B25,'Danh mục thiết bị'!$A$5:$A$53,0)),0) -> 1450000
A26: TS-022 | B26: KB-KEYCHRON-K4 | C26: =IFERROR(INDEX('Danh mục thiết bị'!$B$5:$B$53,MATCH(B26,'Danh mục thiết bị'!$A$5:$A$53,0)),"") -> Bàn phím cơ Keychron K4 | D26: =IFERROR(INDEX('Danh mục thiết bị'!$C$5:$C$53,MATCH(B26,'Danh mục thiết bị'!$A$5:$A$53,0)),"") -> Phụ kiện | E26: DEMO-KB-250022 | F26: Ngô Thị Giang | G26: Marketing | H26: Văn phòng Hà Nội | I26: 45852 | J26: =IFERROR(INDEX('Danh mục thiết bị'!$F$5:$F$53,MATCH(B26,'Danh mục thiết bị'!$A$5:$A$53,0)),0) -> 12 | K26: =IF(I26="","",EDATE(I26,J26)) -> 46217 | L26: =IF(K26="","",K26-'Tham số'!$B$5) -> -104 | M26: =IF(K26="","",IF(L26<0,"Hết hạn",IF(L26<='Tham số'!$B$6,"Sắp hết hạn","Còn hạn"))) -> Hết hạn | N26: Đang sử dụng | O26: =IFERROR(INDEX('Danh mục thiết bị'!$E$5:$E$53,MATCH(B26,'Danh mục thiết bị'!$A$5:$A$53,0)),0) -> 1890000
A27: TS-023 | B27: CPU-INTEL-I9-9900K | C27: =IFERROR(INDEX('Danh mục thiết bị'!$B$5:$B$53,MATCH(B27,'Danh mục thiết bị'!$A$5:$A$53,0)),"") -> CPU Intel Core i9-9900K | D27: =IFERROR(INDEX('Danh mục thiết bị'!$C$5:$C$53,MATCH(B27,'Danh mục thiết bị'!$A$5:$A$53,0)),"") -> Linh kiện PC | E27: DEMO-CPU-260023 | F27: Máy chủ thử nghiệm Docker (dùng chung) | G27: Kỹ thuật | H27: Phòng máy chủ Hà Nội | I27: 46120 | J27: =IFERROR(INDEX('Danh mục thiết bị'!$F$5:$F$53,MATCH(B27,'Danh mục thiết bị'!$A$5:$A$53,0)),0) -> 36 | K27: =IF(I27="","",EDATE(I27,J27)) -> 47216 | L27: =IF(K27="","",K27-'Tham số'!$B$5) -> 895 | M27: =IF(K27="","",IF(L27<0,"Hết hạn",IF(L27<='Tham số'!$B$6,"Sắp hết hạn","Còn hạn"))) -> Còn hạn | N27: Đang sử dụng | O27: =IFERROR(INDEX('Danh mục thiết bị'!$E$5:$E$53,MATCH(B27,'Danh mục thiết bị'!$A$5:$A$53,0)),0) -> 7200000 | P27: Socket LGA1151, lắp cùng bo mạch Z390-F; RAM DDR4 desktop của máy chủ mua ngoài, không thuộc danh mục kho
A28: TS-024 | B28: MB-ASUS-ROG-STRIXZ390F | C28: =IFERROR(INDEX('Danh mục thiết bị'!$B$5:$B$53,MATCH(B28,'Danh mục thiết bị'!$A$5:$A$53,0)),"") -> Bo mạch chủ ASUS ROG Strix Z390-F Gaming | D28: =IFERROR(INDEX('Danh mục thiết bị'!$C$5:$C$53,MATCH(B28,'Danh mục thiết bị'!$A$5:$A$53,0)),"") -> Linh kiện PC | E28: DEMO-MB-260024 | F28: Máy chủ thử nghiệm Docker (dùng chung) | G28: Kỹ thuật | H28: Phòng máy chủ Hà Nội | I28: 46120 | J28: =IFERROR(INDEX('Danh mục thiết bị'!$F$5:$F$53,MATCH(B28,'Danh mục thiết bị'!$A$5:$A$53,0)),0) -> 36 | K28: =IF(I28="","",EDATE(I28,J28)) -> 47216 | L28: =IF(K28="","",K28-'Tham số'!$B$5) -> 895 | M28: =IF(K28="","",IF(L28<0,"Hết hạn",IF(L28<='Tham số'!$B$6,"Sắp hết hạn","Còn hạn"))) -> Còn hạn | N28: Đang sử dụng | O28: =IFERROR(INDEX('Danh mục thiết bị'!$E$5:$E$53,MATCH(B28,'Danh mục thiết bị'!$A$5:$A$53,0)),0) -> 4500000
A29: TS-025 | B29: COOLER-ARCTIC-FREEZER13 | C29: =IFERROR(INDEX('Danh mục thiết bị'!$B$5:$B$53,MATCH(B29,'Danh mục thiết bị'!$A$5:$A$53,0)),"") -> Tản nhiệt khí Arctic Freezer 13 | D29: =IFERROR(INDEX('Danh mục thiết bị'!$C$5:$C$53,MATCH(B29,'Danh mục thiết bị'!$A$5:$A$53,0)),"") -> Linh kiện PC | E29: DEMO-COOLER-260025 | F29: Máy chủ thử nghiệm Docker (dùng chung) | G29: Kỹ thuật | H29: Phòng máy chủ Hà Nội | I29: 46120 | J29: =IFERROR(INDEX('Danh mục thiết bị'!$F$5:$F$53,MATCH(B29,'Danh mục thiết bị'!$A$5:$A$53,0)),0) -> 36 | K29: =IF(I29="","",EDATE(I29,J29)) -> 47216 | L29: =IF(K29="","",K29-'Tham số'!$B$5) -> 895 | M29: =IF(K29="","",IF(L29<0,"Hết hạn",IF(L29<='Tham số'!$B$6,"Sắp hết hạn","Còn hạn"))) -> Còn hạn | N29: Đang sử dụng | O29: =IFERROR(INDEX('Danh mục thiết bị'!$E$5:$E$53,MATCH(B29,'Danh mục thiết bị'!$A$5:$A$53,0)),0) -> 450000 | P29: Hỗ trợ socket Intel 1151
A30: TS-026 | B30: SSD-SAMSUNG-870QVO-8TB | C30: =IFERROR(INDEX('Danh mục thiết bị'!$B$5:$B$53,MATCH(B30,'Danh mục thiết bị'!$A$5:$A$53,0)),"") -> SSD Samsung 870 QVO 8TB | D30: =IFERROR(INDEX('Danh mục thiết bị'!$C$5:$C$53,MATCH(B30,'Danh mục thiết bị'!$A$5:$A$53,0)),"") -> Linh kiện PC | E30: DEMO-SSD-260026 | F30: Máy chủ thử nghiệm Docker (dùng chung) | G30: Kỹ thuật | H30: Phòng máy chủ Hà Nội | I30: 46120 | J30: =IFERROR(INDEX('Danh mục thiết bị'!$F$5:$F$53,MATCH(B30,'Danh mục thiết bị'!$A$5:$A$53,0)),0) -> 36 | K30: =IF(I30="","",EDATE(I30,J30)) -> 47216 | L30: =IF(K30="","",K30-'Tham số'!$B$5) -> 895 | M30: =IF(K30="","",IF(L30<0,"Hết hạn",IF(L30<='Tham số'!$B$6,"Sắp hết hạn","Còn hạn"))) -> Còn hạn | N30: Đang sử dụng | O30: =IFERROR(INDEX('Danh mục thiết bị'!$E$5:$E$53,MATCH(B30,'Danh mục thiết bị'!$A$5:$A$53,0)),0) -> 14900000 | P30: Lưu image và volume Docker
A31: TS-027 | B31: PSU-OCZ-600W | C31: =IFERROR(INDEX('Danh mục thiết bị'!$B$5:$B$53,MATCH(B31,'Danh mục thiết bị'!$A$5:$A$53,0)),"") -> Nguồn máy tính OCZ 600W | D31: =IFERROR(INDEX('Danh mục thiết bị'!$C$5:$C$53,MATCH(B31,'Danh mục thiết bị'!$A$5:$A$53,0)),"") -> Linh kiện PC | E31: DEMO-PSU-260027 | F31: Máy chủ thử nghiệm Docker (dùng chung) | G31: Kỹ thuật | H31: Phòng máy chủ Hà Nội | I31: 46120 | J31: =IFERROR(INDEX('Danh mục thiết bị'!$F$5:$F$53,MATCH(B31,'Danh mục thiết bị'!$A$5:$A$53,0)),0) -> 36 | K31: =IF(I31="","",EDATE(I31,J31)) -> 47216 | L31: =IF(K31="","",K31-'Tham số'!$B$5) -> 895 | M31: =IF(K31="","",IF(L31<0,"Hết hạn",IF(L31<='Tham số'!$B$6,"Sắp hết hạn","Còn hạn"))) -> Còn hạn | N31: Đang sử dụng | O31: =IFERROR(INDEX('Danh mục thiết bị'!$E$5:$E$53,MATCH(B31,'Danh mục thiết bị'!$A$5:$A$53,0)),0) -> 1850000
A32: TS-028 | B32: CASE-ATX-GAMING | C32: =IFERROR(INDEX('Danh mục thiết bị'!$B$5:$B$53,MATCH(B32,'Danh mục thiết bị'!$A$5:$A$53,0)),"") -> Case Gaming ATX | D32: =IFERROR(INDEX('Danh mục thiết bị'!$C$5:$C$53,MATCH(B32,'Danh mục thiết bị'!$A$5:$A$53,0)),"") -> Linh kiện PC | E32: DEMO-CASE-260028 | F32: Máy chủ thử nghiệm Docker (dùng chung) | G32: Kỹ thuật | H32: Phòng máy chủ Hà Nội | I32: 46120 | J32: =IFERROR(INDEX('Danh mục thiết bị'!$F$5:$F$53,MATCH(B32,'Danh mục thiết bị'!$A$5:$A$53,0)),0) -> 36 | K32: =IF(I32="","",EDATE(I32,J32)) -> 47216 | L32: =IF(K32="","",K32-'Tham số'!$B$5) -> 895 | M32: =IF(K32="","",IF(L32<0,"Hết hạn",IF(L32<='Tham số'!$B$6,"Sắp hết hạn","Còn hạn"))) -> Còn hạn | N32: Đang sử dụng | O32: =IFERROR(INDEX('Danh mục thiết bị'!$E$5:$E$53,MATCH(B32,'Danh mục thiết bị'!$A$5:$A$53,0)),0) -> 2100000 | P32: Model vỏ là cấu hình tham khảo
A33: TS-029 | B33: CPU-AMD-R9-3900X | C33: =IFERROR(INDEX('Danh mục thiết bị'!$B$5:$B$53,MATCH(B33,'Danh mục thiết bị'!$A$5:$A$53,0)),"") -> CPU AMD Ryzen 9 3900X | D33: =IFERROR(INDEX('Danh mục thiết bị'!$C$5:$C$53,MATCH(B33,'Danh mục thiết bị'!$A$5:$A$53,0)),"") -> Linh kiện PC | E33: DEMO-CPU-260029 | F33: Kho IT (dự phòng) | G33: Kỹ thuật | H33: Kho Hà Nội | I33: 46073 | J33: =IFERROR(INDEX('Danh mục thiết bị'!$F$5:$F$53,MATCH(B33,'Danh mục thiết bị'!$A$5:$A$53,0)),0) -> 36 | K33: =IF(I33="","",EDATE(I33,J33)) -> 47169 | L33: =IF(K33="","",K33-'Tham số'!$B$5) -> 848 | M33: =IF(K33="","",IF(L33<0,"Hết hạn",IF(L33<='Tham số'!$B$6,"Sắp hết hạn","Còn hạn"))) -> Còn hạn | N33: Dự phòng | O33: =IFERROR(INDEX('Danh mục thiết bị'!$E$5:$E$53,MATCH(B33,'Danh mục thiết bị'!$A$5:$A$53,0)),0) -> 6500000
A34: TS-030 | B34: GPU-MSI-RTX3070-VENTUS3X | C34: =IFERROR(INDEX('Danh mục thiết bị'!$B$5:$B$53,MATCH(B34,'Danh mục thiết bị'!$A$5:$A$53,0)),"") -> Card đồ họa MSI GeForce RTX 3070 Ventus 3X OC | D34: =IFERROR(INDEX('Danh mục thiết bị'!$C$5:$C$53,MATCH(B34,'Danh mục thiết bị'!$A$5:$A$53,0)),"") -> Linh kiện PC | E34: DEMO-GPU-260030 | F34: Kho IT (dự phòng) | G34: Kỹ thuật | H34: Kho Hà Nội | I34: 46073 | J34: =IFERROR(INDEX('Danh mục thiết bị'!$F$5:$F$53,MATCH(B34,'Danh mục thiết bị'!$A$5:$A$53,0)),0) -> 36 | K34: =IF(I34="","",EDATE(I34,J34)) -> 47169 | L34: =IF(K34="","",K34-'Tham số'!$B$5) -> 848 | M34: =IF(K34="","",IF(L34<0,"Hết hạn",IF(L34<='Tham số'!$B$6,"Sắp hết hạn","Còn hạn"))) -> Còn hạn | N34: Dự phòng | O34: =IFERROR(INDEX('Danh mục thiết bị'!$E$5:$E$53,MATCH(B34,'Danh mục thiết bị'!$A$5:$A$53,0)),0) -> 13900000 | P34: MSI khuyến nghị nguồn 650 W, không dùng chung nguồn OCZ 600 W
A35: TS-031 | B35: RAM-KINGSTON-HYPERX-SODIMM | C35: =IFERROR(INDEX('Danh mục thiết bị'!$B$5:$B$53,MATCH(B35,'Danh mục thiết bị'!$A$5:$A$53,0)),"") -> RAM Laptop Kingston HyperX SO-DIMM (Kit 2x4GB) | D35: =IFERROR(INDEX('Danh mục thiết bị'!$C$5:$C$53,MATCH(B35,'Danh mục thiết bị'!$A$5:$A$53,0)),"") -> Linh kiện PC | E35: DEMO-RAM-260031 | F35: Kho IT (dự phòng) | G35: Kỹ thuật | H35: Kho Hà Nội | I35: 46073 | J35: =IFERROR(INDEX('Danh mục thiết bị'!$F$5:$F$53,MATCH(B35,'Danh mục thiết bị'!$A$5:$A$53,0)),0) -> 36 | K35: =IF(I35="","",EDATE(I35,J35)) -> 47169 | L35: =IF(K35="","",K35-'Tham số'!$B$5) -> 848 | M35: =IF(K35="","",IF(L35<0,"Hết hạn",IF(L35<='Tham số'!$B$6,"Sắp hết hạn","Còn hạn"))) -> Còn hạn | N35: Dự phòng | O35: =IFERROR(INDEX('Danh mục thiết bị'!$E$5:$E$53,MATCH(B35,'Danh mục thiết bị'!$A$5:$A$53,0)),0) -> 650000 | P35: Kit 2x2 GB DDR2 SO-DIMM (không phải 2x4 GB); hợp laptop đời cũ như XPS M1330, không lắp được T460 (DDR3L)
A36: TS-032 | B36: LAP-LENOVO-T460 | C36: =IFERROR(INDEX('Danh mục thiết bị'!$B$5:$B$53,MATCH(B36,'Danh mục thiết bị'!$A$5:$A$53,0)),"") -> Laptop Lenovo ThinkPad T460 | D36: =IFERROR(INDEX('Danh mục thiết bị'!$C$5:$C$53,MATCH(B36,'Danh mục thiết bị'!$A$5:$A$53,0)),"") -> Laptop | E36: DEMO-LAP-260032 | F36: Kho IT (dự phòng) | G36: Kỹ thuật | H36: Kho Hồ Chí Minh | I36: 46073 | J36: =IFERROR(INDEX('Danh mục thiết bị'!$F$5:$F$53,MATCH(B36,'Danh mục thiết bị'!$A$5:$A$53,0)),0) -> 24 | K36: =IF(I36="","",EDATE(I36,J36)) -> 46803 | L36: =IF(K36="","",K36-'Tham số'!$B$5) -> 482 | M36: =IF(K36="","",IF(L36<0,"Hết hạn",IF(L36<='Tham số'!$B$6,"Sắp hết hạn","Còn hạn"))) -> Còn hạn | N36: Dự phòng | O36: =IFERROR(INDEX('Danh mục thiết bị'!$E$5:$E$53,MATCH(B36,'Danh mục thiết bị'!$A$5:$A$53,0)),0) -> 14900000 | P36: Máy dự phòng cho chi nhánh TP.HCM

Sheet Danh mục thiết bị
A1: Danh mục thiết bị trong kho
A2: Đơn giá và bảo hành nội bộ là số liệu minh hoạ; thông số chính có nguồn ở cột cuối.
A4: SKU | B4: Tên thiết bị | C4: Danh mục | D4: Model xác định | E4: Đơn giá tham khảo (VND) | F4: Bảo hành nội bộ (tháng) | G4: Mức xác minh | H4: Thông số chính | I4: Nguồn
A5: LAP-DELL-XPSM1330 | B5: Laptop Dell XPS M1330 | C5: Laptop | D5: Dell XPS M1330 (13.3", 2007-2008) | E5: 18900000 | F5: 24 | G5: Đã xác minh | H5: CPU: Intel Core 2 Duo, tuỳ cấu hình (vd. T7300 2.0 GHz; bản Penryn 2008: T9300 2.5 GHz); Chipset: Intel PM965 (Crestline) + ICH8M; RAM: 1-2 GB DDR2-667 (tuỳ cấu hình), tối đa 4 GB | I5: https://www.notebookcheck.net/Dell-XPS-M1330.5463.0.html https://www.laptopmag.com/reviews/laptops/dell-xps-m1330-penryn
A6: LAP-LENOVO-T460 | B6: Laptop Lenovo ThinkPad T460 | C6: Laptop | D6: Lenovo ThinkPad T460 (2016, Intel Core thế hệ 6) | E6: 14900000 | F6: 24 | G6: Đã xác minh | H6: CPU: Intel Core i3-6100U / i5-6200U / i5-6300U / i7-6500U / i7-6600U (2 nhân 4 luồng); RAM: Tối đa 32 GB DDR3L-1600, 2 khe SO-DIMM, dual-channel; Lưu trữ: SSD SATA, SSD PCIe NVMe (PCIe 3.0 x2), HDD 2,5" hoặc SSHD (tuỳ cấu hình) | I6: https://psref.lenovo.com/syspool/Sys/PDF/ThinkPad/ThinkPad_T460/ThinkPad_T460_Spec.PDF https://pcper.com/2016/01/ces-2016-lenovo-announces-thinkpad-t460-series-notebooks/
A7: LAP-HP-ENVY14 | B7: Laptop HP Envy 14 | C7: Laptop | D7: HP ENVY Laptop 14-eb0021TX (Core i7-1165G7, GTX 1650 Ti Max-Q) | E7: 26900000 | F7: 24 | G7: Đã đối chiếu — model suy luận | H7: CPU: Intel Core i7-1165G7, 4 nhân 8 luồng, 2,8-4,7 GHz; RAM: 16 GB DDR4-3200; Lưu trữ: SSD PCIe NVMe 1 TB | I7: https://www.notebookcheck.net/HP-Envy-14-eb0021tx.602559.0.html https://windowscentral.com/hp-unveils-new-envy-14-intel-11th-gen-chips-and-dedicated-nvidia-gtx-1650-graphics
A8: PC-GAMING-FRACTAL-TUF | B8: PC Gaming Fractal Design TUF Edition | C8: PC để bàn | D8: PC gaming lắp ráp: vỏ Fractal Design Focus G (Petrol Blue) với linh kiện ASUS TUF Gaming | E8: 24500000 | F8: 24 | G8: Đã đối chiếu — model suy luận | H8: Kiểu dáng: Vỏ ATX Mid Tower (hỗ trợ ATX / Micro-ATX / Mini-ITX), 7 khe mở rộng; Tuỳ chọn CPU: AMD Ryzen socket AM4 (nhìn thấy tản AMD Wraith Prism; chưa xác định model CPU); Đồ hoạ (GPU): ASUS Cerberus GeForce GTX (model cụ thể chưa xác định) | I8: https://www.fractal-design.com/products/cases/focus/focus-g/white/ Ảnh sản phẩm trong kho (pc-gaming-fractal-tuf.webp): nhãn, tem nhìn thấy trên ảnh
A9: PC-OFFICE-OPTIPLEX9020 | B9: PC Văn phòng Dell OptiPlex 9020 | C9: PC để bàn | D9: Dell OptiPlex 9020 Small Form Factor (SFF) | E9: 8900000 | F9: 24 | G9: Đã đối chiếu — model suy luận | H9: Tuỳ chọn CPU: Intel Core i7/i5 thế hệ 4 (4 nhân, 84 W), Core i3 / Pentium (2 nhân); socket LGA1150; Chipset: Intel Q87 Express; RAM tối đa: 32 GB DDR3-1600 non-ECC, 4 khe DIMM, dual-channel | I9: https://i.dell.com/sites/csdocuments/Corporate_secure_Documents/en/OptiPlex-9020-micro-spec.PDF
A10: CPU-INTEL-I9-9900K | B10: CPU Intel Core i9-9900K | C10: Linh kiện PC | D10: Intel Core i9-9900K (Coffee Lake Refresh) | E10: 7200000 | F10: 36 | G10: Đã xác minh | H10: Nhân/Luồng: 8 / 16; Xung cơ bản: 3,60 GHz; Xung tăng tốc: 5,00 (Max Turbo) (đơn vị: GHz) | I10: https://www.intel.com/content/www/us/en/products/sku/186605/intel-core-i99900k-processor-16m-cache-up-to-5-00-ghz/specifications.html
A11: CPU-AMD-R9-3900X | B11: CPU AMD Ryzen 9 3900X | C11: Linh kiện PC | D11: AMD Ryzen 9 3900X (Zen 2 "Matisse") | E11: 6500000 | F11: 36 | G11: Đã xác minh | H11: Nhân/Luồng: 12 / 24; Xung cơ bản: 3,8 GHz; Xung tăng tốc: tối đa 4,6 (đơn vị: GHz) | I11: https://www.amd.com/en/products/processors/desktops/ryzen/3000-series/amd-ryzen-9-3900x.html https://techpowerup.com/cpu-specs/ryzen-9-3900x.c2128
A12: RAM-KINGSTON-HYPERX-SODIMM | B12: RAM Laptop Kingston HyperX SO-DIMM (Kit 2x4GB) | C12: Linh kiện PC | D12: Kingston HyperX KHX6400S2ULK2/4G (kit 2x2 GB DDR2-800 SO-DIMM) | E12: 650000 | F12: 36 | G12: Đã xác minh | H12: Loại: DDR2 SO-DIMM 200 chân, non-ECC unbuffered, 2Rx8; Dung lượng kit: 4 GB (2 x 2 GB); Tốc độ: DDR2-800 (PC2-6400); profile phụ DDR2-667 (đơn vị: MT/s) | I12: https://www.kingston.com/dataSheets/KHX6400S2ULK2_4G.pdf Ảnh sản phẩm trong kho (ram-kingston-hyperx-sodimm.webp): nhãn, tem nhìn thấy trên ảnh
A13: SSD-SAMSUNG-870QVO-8TB | B13: SSD Samsung 870 QVO 8TB | C13: Linh kiện PC | D13: Samsung 870 QVO 8TB (MZ-77Q8T0) | E13: 14900000 | F13: 36 | G13: Đã xác minh | H13: Dung lượng: 8 TB; Giao tiếp: SATA 6 Gb/s (tương thích 3 / 1,5 Gb/s); Kiểu dáng: 2,5 inch, 100 x 69,85 x 6,8 mm, khoảng 57 g | I13: https://www.samsung.com/ca/memory-storage/870-qvo-sata-3-2-5-ssd/MZ-77Q8T0BAM https://www.samsung.com/sg/business/memory-storage/sata-ssd/870-qvo-sata-3-2-5-ssd-mz-77q8t0bw/
A14: GPU-MSI-RTX3070-VENTUS3X | B14: Card đồ họa MSI GeForce RTX 3070 Ventus 3X OC | C14: Linh kiện PC | D14: MSI GeForce RTX 3070 VENTUS 3X OC (bản gốc 2020, không LHR) | E14: 13900000 | F14: 36 | G14: Đã xác minh | H14: Chip đồ hoạ: NVIDIA GA104-300 (Ampere), 5888 CUDA cores; VRAM: 8 GB GDDR6, 256-bit, 14 Gbps; Xung tăng tốc: 1755 MHz | I14: https://www.notebookcheck.net/NVIDIA-GeForce-RTX-3070-confirmed-to-be-using-the-GA104-300-GPU.496247.0.html https://www.msi.com/Graphics-Card/GeForce-RTX-3070-VENTUS-3X-OC/Specification
A15: MB-ASUS-ROG-STRIXZ390F | B15: Bo mạch chủ ASUS ROG Strix Z390-F Gaming | C15: Linh kiện PC | D15: ASUS ROG STRIX Z390-F GAMING | E15: 4500000 | F15: 36 | G15: Đã xác minh | H15: Socket: LGA1151 (Intel Core thế hệ 8/9); Chipset: Intel Z390; Kiểu dáng: ATX, 30,5 x 24,4 cm | I15: https://rog.asus.com/motherboards/rog-strix/rog-strix-z390-f-gaming-model/spec/
A16: PSU-OCZ-600W | B16: Nguồn máy tính OCZ 600W | C16: Linh kiện PC | D16: OCZ ModXStream Pro 600W (OCZ600MXSP) | E16: 1850000 | F16: 36 | G16: Đã xác minh | H16: Công suất: 600 W; Hiệu suất: 80 PLUS (mức tiêu chuẩn/White); Kiểu dây: Bán module: dây 24-pin, ATX12V, EPS12V cố định; dây PCIe/SATA/Molex/FDD tháo rời | I16: Ảnh sản phẩm trong kho (psu-ocz-600w.webp): nhãn, tem nhìn thấy trên ảnh https://www.buildcores.com/products/PSU/r7djvf1l6/OCZ-ModXStream-Pro-600W-Semi-Modular-80%2B
... A23: HEADSET-CREATIVE-SBX-H5 | B23: Tai nghe Creative Sound BlasterX H5 | C23: Phụ kiện | D23: Creative Sound BlasterX H5 (bản tiêu chuẩn, analog 3,5 mm) | E23: 1450000 | F23: 12 | G23: Đã đối chiếu — model suy luận | H23: Driver loa: 50 mm neodymium (FullSpectrum), 20 Hz-20 kHz, 32 Ω, 118 dB/mW; Kết nối: Có dây jack 3,5 mm 4 cực, cáp bện 1,2 m có điều khiển; kèm cáp chia tai nghe/mic; Micro: Condenser một hướng, lọc ồn, tháo rời được; 100 Hz-15 kHz, -40 dB | I23: https://asia.creative.com/p/gaming-headsets/sound-blasterx-h5

Sheet Tham số
A1: Tham số kiểm kê
A2: Ô vàng là ô nhập liệu.
A4: Tham số | B4: Giá trị | C4: Ghi chú | E4: Phòng ban | F4: Tình trạng thiết bị | G4: Vị trí
A5: Ngày kiểm kê | B5: 46321 | C5: Mốc so sánh hạn bảo hành | E5: Kinh doanh | F5: Đang sử dụng | G5: Văn phòng Hà Nội
A6: Ngưỡng sắp hết bảo hành (ngày) | B6: 90 | C6: Giả định minh hoạ | E6: Kỹ thuật | F6: Dự phòng | G6: Phòng máy chủ Hà Nội
E7: Marketing | F7: Đang sửa chữa | G7: Kho Hà Nội
E8: Nhân sự | F8: Chờ thanh lý | G8: Kho Hồ Chí Minh
